{"trains":[[{"id":0,"sensDepart":false,"voieEnLigne":"V1_N","voieAQuai":"V1","typeCirculation":"FRET","dateHeure":"2021-04-11T05:08","typesMateriels":["1"]}],[{"id":3,"sensDepart":true,"voieEnLigne":"V2_N","voieAQuai":"3","typeCirculation":"TER","dateHeure":"2021-04-11T06:11","typesMateriels":["0"]}],[{"id":4,"sensDepart":false,"voieEnLigne":"VU1_S","voieAQuai":"Z","typeCirculation":"TER","dateHeure":"2021-04-11T06:14:30","typesMateriels":["0"]}],[{"id":7,"sensDepart":true,"voieEnLigne":"V1_S","voieAQuai":"Z","typeCirculation":"TER","dateHeure":"2021-04-11T06:44","typesMateriels":["0"]}],[{"id":9,"sensDepart":true,"voieEnLigne":"V2_N","voieAQuai":"V2","typeCirculation":"FRET","dateHeure":"2021-04-11T07:01","typesMateriels":["1"]}],[{"id":10,"sensDepart":false,"voieEnLigne":"V1_N","voieAQuai":"V1","typeCirculation":"TER","dateHeure":"2021-04-11T07:17:30","typesMateriels":["0"]}],[{"id":12,"sensDepart":true,"voieEnLigne":"V2_N","voieAQuai":"6","typeCirculation":"TER","dateHeure":"2021-04-11T07:30","typesMateriels":["0"]}],[{"id":14,"sensDepart":true,"voieEnLigne":"V2_N","voieAQuai":"V2","typeCirculation":"TGV","dateHeure":"2021-04-11T07:37","typesMateriels":["0"]}],[{"id":20,"sensDepart":true,"voieEnLigne":"MAN","voieAQuai":"Z","typeCirculation":"TECH","dateHeure":"2021-04-11T08:35","typesMateriels":["0"]}],[{"id":24,"sensDepart":true,"voieEnLigne":"V2_N","voieAQuai":"6","typeCirculation":"TER","dateHeure":"2021-04-11T08:52:30","typesMateriels":["0"]}],[{"id":18,"sensDepart":false,"voieEnLigne":"VU1_S","voieAQuai":"4","typeCirculation":"TER","dateHeure":"2021-04-11T08:34","typesMateriels":["0"]}],[{"id":19,"sensDepart":false,"voieEnLigne":"MAN","voieAQuai":"11","typeCirculation":"TECH","dateHeure":"2021-04-11T08:35","typesMateriels":["0"]}],[{"id":23,"sensDepart":true,"voieEnLigne":"V1_S","voieAQuai":"V1","typeCirculation":"FRET","dateHeure":"2021-04-11T08:52","typesMateriels":["1"]}],[{"id":25,"sensDepart":false,"voieEnLigne":"V1_N","voieAQuai":"3","typeCirculation":"TER","dateHeure":"2021-04-11T09:20","typesMateriels":["0"]}],[{"id":28,"sensDepart":true,"voieEnLigne":"V1_S","voieAQuai":"V1","typeCirculation":"TECH","dateHeure":"2021-04-11T10:05:30","typesMateriels":["2"]}],[{"id":29,"sensDepart":false,"voieEnLigne":"V1_N","voieAQuai":"V1","typeCirculation":"TECH","dateHeure":"2021-04-11T10:10","typesMateriels":["22"]}],[{"id":36,"sensDepart":true,"voieEnLigne":"VU2_S","voieAQuai":"4","typeCirculation":"TER","dateHeure":"2021-04-11T12:52","typesMateriels":["0"]}],[{"id":43,"sensDepart":true,"voieEnLigne":"V2_N","voieAQuai":"12","typeCirculation":"FRET","dateHeure":"2021-04-11T15:05","typesMateriels":["1"]}],[{"id":33,"sensDepart":false,"voieEnLigne":"V1_N","voieAQuai":"V1","typeCirculation":"TGV","dateHeure":"2021-04-11T12:29","typesMateriels":["0"]}],[{"id":37,"sensDepart":false,"voieEnLigne":"V2_S","voieAQuai":"4","typeCirculation":"TER","dateHeure":"2021-04-11T14:20","typesMateriels":["0"]}],[{"id":41,"sensDepart":true,"voieEnLigne":"MAN","voieAQuai":"Z","typeCirculation":"TECH","dateHeure":"2021-04-11T15:01","typesMateriels":["0"]}],[{"id":39,"sensDepart":false,"voieEnLigne":"V2_S","voieAQuai":"V2","typeCirculation":"TGV","dateHeure":"2021-04-11T14:58","typesMateriels":["0"]}],[{"id":42,"sensDepart":false,"voieEnLigne":"MAN","voieAQuai":"11","typeCirculation":"TECH","dateHeure":"2021-04-11T15:03","typesMateriels":["0"]}],[{"id":46,"sensDepart":false,"voieEnLigne":"V1_N","voieAQuai":"V1","typeCirculation":"TGV","dateHeure":"2021-04-11T16:25","typesMateriels":["0"]}],[{"id":48,"sensDepart":false,"voieEnLigne":"Dep","voieAQuai":"Z","typeCirculation":"TECH","dateHeure":"2021-04-11T16:32","typesMateriels":["0"]}],[{"id":50,"sensDepart":true,"voieEnLigne":"V1_S","voieAQuai":"V1","typeCirculation":"FRET","dateHeure":"2021-04-11T16:36","typesMateriels":["1"]}],[{"id":54,"sensDepart":false,"voieEnLigne":"V1_N","voieAQuai":"3","typeCirculation":"TER","dateHeure":"2021-04-11T17:15:30","typesMateriels":["0"]}],[{"id":56,"sensDepart":true,"voieEnLigne":"V2_N","voieAQuai":"V2","typeCirculation":"TGV","dateHeure":"2021-04-11T17:27","typesMateriels":["0"]}],[{"id":60,"sensDepart":false,"voieEnLigne":"V2_S","voieAQuai":"4","typeCirculation":"TER","dateHeure":"2021-04-11T18:20","typesMateriels":["0"]}],[{"id":61,"sensDepart":false,"voieEnLigne":"V1_N","voieAQuai":"V1","typeCirculation":"TER","dateHeure":"2021-04-11T18:23:30","typesMateriels":["0"]}],[{"id":62,"sensDepart":false,"voieEnLigne":"VU1_S","voieAQuai":"Z","typeCirculation":"TER","dateHeure":"2021-04-11T18:24:30","typesMateriels":["0"]}],[{"id":69,"sensDepart":true,"voieEnLigne":"V2_N","voieAQuai":"3","typeCirculation":"TER","dateHeure":"2021-04-11T19:41","typesMateriels":["0"]}],[{"id":68,"sensDepart":true,"voieEnLigne":"V1_S","voieAQuai":"V1","typeCirculation":"TGV","dateHeure":"2021-04-11T19:33","typesMateriels":["0"]}],[{"id":70,"sensDepart":false,"voieEnLigne":"V2_S","voieAQuai":"V2","typeCirculation":"FRET","dateHeure":"2021-04-11T20:04","typesMateriels":["1"]}],[{"id":72,"sensDepart":false,"voieEnLigne":"V2_S","voieAQuai":"6","typeCirculation":"TER","dateHeure":"2021-04-11T20:20","typesMateriels":["0"]}],[{"id":73,"sensDepart":false,"voieEnLigne":"V1_N","voieAQuai":"3","typeCirculation":"TER","dateHeure":"2021-04-11T20:22:30","typesMateriels":["0"]}],[{"id":74,"sensDepart":false,"voieEnLigne":"VU1_S","voieAQuai":"Z","typeCirculation":"TER","dateHeure":"2021-04-11T20:26:30","typesMateriels":["0"]}],[{"id":77,"sensDepart":false,"voieEnLigne":"V2_S","voieAQuai":"V2","typeCirculation":"FRET","dateHeure":"2021-04-11T20:35","typesMateriels":["1"]}],[{"id":80,"sensDepart":false,"voieEnLigne":"MAN","voieAQuai":"11","typeCirculation":"TECH","dateHeure":"2021-04-11T20:38","typesMateriels":["0"]}],[{"id":81,"sensDepart":false,"voieEnLigne":"V1_N","voieAQuai":"V1","typeCirculation":"TECH","dateHeure":"2021-04-11T20:40","typesMateriels":["0"]}],[{"id":84,"sensDepart":true,"voieEnLigne":"V1_S","voieAQuai":"V1","typeCirculation":"TGV","dateHeure":"2021-04-11T21:03:30","typesMateriels":["0"]}],[{"id":86,"sensDepart":true,"voieEnLigne":"V2_N","voieAQuai":"V2","typeCirculation":"FRET","dateHeure":"2021-04-11T21:14","typesMateriels":["1"]}],[{"id":88,"sensDepart":false,"voieEnLigne":"V2_S","voieAQuai":"V2","typeCirculation":"FRET","dateHeure":"2021-04-11T22:43","typesMateriels":["1"]}],[{"id":91,"sensDepart":true,"voieEnLigne":"V2_N","voieAQuai":"V2","typeCirculation":"FRET","dateHeure":"2021-04-11T23:10:30","typesMateriels":["1"]}],[{"id":92,"sensDepart":false,"voieEnLigne":"V2_S","voieAQuai":"V2","typeCirculation":"FRET","dateHeure":"2021-04-11T23:32","typesMateriels":["1"]}],[{"id":95,"sensDepart":true,"voieEnLigne":"V2_N","voieAQuai":"V2","typeCirculation":"FRET","dateHeure":"2021-04-11T23:50:30","typesMateriels":["1"]}]],"itineraires":[{"id":0,"sensDepart":true,"voieEnLigne":"MAN","voieAQuai":"Z"},{"id":1,"sensDepart":false,"voieEnLigne":"V1_S","voieAQuai":"Z"},{"id":2,"sensDepart":true,"voieEnLigne":"V1_S","voieAQuai":"Z"},{"id":3,"sensDepart":false,"voieEnLigne":"V2_S","voieAQuai":"Z"},{"id":4,"sensDepart":true,"voieEnLigne":"V2_S","voieAQuai":"Z"},{"id":5,"sensDepart":true,"voieEnLigne":"VU2_S","voieAQuai":"Z"},{"id":6,"sensDepart":false,"voieEnLigne":"VU_N","voieAQuai":"Z"},{"id":7,"sensDepart":true,"voieEnLigne":"VU_N","voieAQuai":"Z"},{"id":8,"sensDepart":false,"voieEnLigne":"VU_N","voieAQuai":"Z"},{"id":9,"sensDepart":true,"voieEnLigne":"VU_N","voieAQuai":"Z"},{"id":10,"sensDepart":false,"voieEnLigne":"V2_N","voieAQuai":"Z"},{"id":11,"sensDepart":true,"voieEnLigne":"V2_N","voieAQuai":"Z"},{"id":12,"sensDepart":false,"voieEnLigne":"V2_N","voieAQuai":"Z"},{"id":13,"sensDepart":true,"voieEnLigne":"V2_N","voieAQuai":"Z"},{"id":14,"sensDepart":false,"voieEnLigne":"V1_N","voieAQuai":"Z"},{"id":15,"sensDepart":true,"voieEnLigne":"V1_N","voieAQuai":"Z"},{"id":16,"sensDepart":false,"voieEnLigne":"V1_N","voieAQuai":"Z"},{"id":17,"sensDepart":true,"voieEnLigne":"V1_N","voieAQuai":"Z"},{"id":18,"sensDepart":false,"voieEnLigne":"Dep","voieAQuai":"Z"},{"id":19,"sensDepart":true,"voieEnLigne":"Dep","voieAQuai":"Z"},{"id":20,"sensDepart":false,"voieEnLigne":"GGE","voieAQuai":"Z"},{"id":21,"sensDepart":true,"voieEnLigne":"GGE","voieAQuai":"Z"},{"id":22,"sensDepart":false,"voieEnLigne":"V1_S","voieAQuai":"Z"},{"id":23,"sensDepart":true,"voieEnLigne":"V1_S","voieAQuai":"Z"},{"id":24,"sensDepart":false,"voieEnLigne":"V2_S","voieAQuai":"Z"},{"id":25,"sensDepart":true,"voieEnLigne":"V2_S","voieAQuai":"Z"},{"id":26,"sensDepart":true,"voieEnLigne":"VU2_S","voieAQuai":"Z"},{"id":27,"sensDepart":false,"voieEnLigne":"VU1_S","voieAQuai":"Z"},{"id":28,"sensDepart":false,"voieEnLigne":"V2_N","voieAQuai":"Z"},{"id":29,"sensDepart":true,"voieEnLigne":"V2_N","voieAQuai":"Z"},{"id":30,"sensDepart":false,"voieEnLigne":"V2_N","voieAQuai":"Z"},{"id":31,"sensDepart":true,"voieEnLigne":"V2_N","voieAQuai":"Z"},{"id":32,"sensDepart":false,"voieEnLigne":"Dep","voieAQuai":"Z"},{"id":33,"sensDepart":true,"voieEnLigne":"Dep","voieAQuai":"Z"},{"id":34,"sensDepart":false,"voieEnLigne":"GGE","voieAQuai":"Z"},{"id":35,"sensDepart":true,"voieEnLigne":"GGE","voieAQuai":"Z"},{"id":36,"sensDepart":false,"voieEnLigne":"VU_N","voieAQuai":"Z"},{"id":37,"sensDepart":true,"voieEnLigne":"VU_N","voieAQuai":"Z"},{"id":38,"sensDepart":false,"voieEnLigne":"VU_N","voieAQuai":"Z"},{"id":39,"sensDepart":true,"voieEnLigne":"VU_N","voieAQuai":"Z"},{"id":40,"sensDepart":false,"voieEnLigne":"V2_N","voieAQuai":"Z"},{"id":41,"sensDepart":true,"voieEnLigne":"V2_N","voieAQuai":"Z"},{"id":42,"sensDepart":false,"voieEnLigne":"V2_N","voieAQuai":"Z"},{"id":43,"sensDepart":true,"voieEnLigne":"V2_N","voieAQuai":"Z"},{"id":44,"sensDepart":false,"voieEnLigne":"V1_N","voieAQuai":"Z"},{"id":45,"sensDepart":true,"voieEnLigne":"V1_N","voieAQuai":"Z"},{"id":46,"sensDepart":false,"voieEnLigne":"V1_N","voieAQuai":"Z"},{"id":47,"sensDepart":true,"voieEnLigne":"V1_N","voieAQuai":"Z"},{"id":48,"sensDepart":false,"voieEnLigne":"Dep","voieAQuai":"Z"},{"id":49,"sensDepart":true,"voieEnLigne":"Dep","voieAQuai":"Z"},{"id":50,"sensDepart":false,"voieEnLigne":"GGE","voieAQuai":"Z"},{"id":51,"sensDepart":true,"voieEnLigne":"GGE","voieAQuai":"Z"},{"id":52,"sensDepart":false,"voieEnLigne":"Dep","voieAQuai":"Z"},{"id":53,"sensDepart":true,"voieEnLigne":"V1_S","voieAQuai":"18"},{"id":54,"sensDepart":false,"voieEnLigne":"V1_S","voieAQuai":"18"},{"id":55,"sensDepart":true,"voieEnLigne":"V2_S","voieAQuai":"18"},{"id":56,"sensDepart":false,"voieEnLigne":"V2_S","voieAQuai":"18"},{"id":57,"sensDepart":true,"voieEnLigne":"VU2_S","voieAQuai":"18"},{"id":58,"sensDepart":false,"voieEnLigne":"VU1_S","voieAQuai":"18"},{"id":59,"sensDepart":false,"voieEnLigne":"V2_N","voieAQuai":"18"},{"id":60,"sensDepart":true,"voieEnLigne":"V2_N","voieAQuai":"18"},{"id":61,"sensDepart":false,"voieEnLigne":"VU_N","voieAQuai":"18"},{"id":62,"sensDepart":true,"voieEnLigne":"VU_N","voieAQuai":"18"},{"id":63,"sensDepart":false,"voieEnLigne":"V2_N","voieAQuai":"18"},{"id":64,"sensDepart":true,"voieEnLigne":"V2_N","voieAQuai":"18"},{"id":65,"sensDepart":false,"voieEnLigne":"V1_N","voieAQuai":"18"},{"id":66,"sensDepart":true,"voieEnLigne":"V1_N","voieAQuai":"18"},{"id":67,"sensDepart":true,"voieEnLigne":"V1_S","voieAQuai":"16"},{"id":68,"sensDepart":false,"voieEnLigne":"V1_S","voieAQuai":"16"},{"id":69,"sensDepart":true,"voieEnLigne":"V2_S","voieAQuai":"16"},{"id":70,"sensDepart":false,"voieEnLigne":"V2_S","voieAQuai":"16"},{"id":71,"sensDepart":true,"voieEnLigne":"VU2_S","voieAQuai":"16"},{"id":72,"sensDepart":false,"voieEnLigne":"VU1_S","voieAQuai":"16"},{"id":73,"sensDepart":false,"voieEnLigne":"V2_N","voieAQuai":"16"},{"id":74,"sensDepart":true,"voieEnLigne":"V2_N","voieAQuai":"16"},{"id":75,"sensDepart":false,"voieEnLigne":"VU_N","voieAQuai":"16"},{"id":76,"sensDepart":true,"voieEnLigne":"VU_N","voieAQuai":"16"},{"id":77,"sensDepart":false,"voieEnLigne":"V2_N","voieAQuai":"16"},{"id":78,"sensDepart":true,"voieEnLigne":"V2_N","voieAQuai":"16"},{"id":79,"sensDepart":false,"voieEnLigne":"V1_N","voieAQuai":"16"},{"id":80,"sensDepart":true,"voieEnLigne":"V1_N","voieAQuai":"16"},{"id":81,"sensDepart":true,"voieEnLigne":"V1_S","voieAQuai":"14"},{"id":82,"sensDepart":false,"voieEnLigne":"V1_S","voieAQuai":"14"},{"id":83,"sensDepart":true,"voieEnLigne":"V2_S","voieAQuai":"14"},{"id":84,"sensDepart":false,"voieEnLigne":"V2_S","voieAQuai":"14"},{"id":85,"sensDepart":true,"voieEnLigne":"VU2_S","voieAQuai":"14"},{"id":86,"sensDepart":false,"voieEnLigne":"VU1_S","voieAQuai":"14"},{"id":87,"sensDepart":false,"voieEnLigne":"V2_N","voieAQuai":"14"},{"id":88,"sensDepart":true,"voieEnLigne":"V2_N","voieAQuai":"14"},{"id":89,"sensDepart":false,"voieEnLigne":"VU_N","voieAQuai":"14"},{"id":90,"sensDepart":true,"voieEnLigne":"VU_N","voieAQuai":"14"},{"id":91,"sensDepart":false,"voieEnLigne":"V2_N","voieAQuai":"14"},{"id":92,"sensDepart":true,"voieEnLigne":"V2_N","voieAQuai":"14"},{"id":93,"sensDepart":false,"voieEnLigne":"V1_N","voieAQuai":"14"},{"id":94,"sensDepart":true,"voieEnLigne":"V1_N","voieAQuai":"14"},{"id":95,"sensDepart":false,"voieEnLigne":"MAN","voieAQuai":"13"},{"id":96,"sensDepart":true,"voieEnLigne":"V1_S","voieAQuai":"13"},{"id":97,"sensDepart":true,"voieEnLigne":"V2_S","voieAQuai":"13"},{"id":98,"sensDepart":true,"voieEnLigne":"VU2_S","voieAQuai":"13"},{"id":99,"sensDepart":false,"voieEnLigne":"GGE","voieAQuai":"12"},{"id":100,"sensDepart":true,"voieEnLigne":"GGE","voieAQuai":"12"},{"id":101,"sensDepart":true,"voieEnLigne":"V1_S","voieAQuai":"12"},{"id":102,"sensDepart":false,"voieEnLigne":"V1_S","voieAQuai":"12"},{"id":103,"sensDepart":true,"voieEnLigne":"V2_S","voieAQuai":"12"},{"id":104,"sensDepart":false,"voieEnLigne":"V2_S","voieAQuai":"12"},{"id":105,"sensDepart":true,"voieEnLigne":"VU2_S","voieAQuai":"12"},{"id":106,"sensDepart":false,"voieEnLigne":"VU1_S","voieAQuai":"12"},{"id":107,"sensDepart":false,"voieEnLigne":"GGE","voieAQuai":"12"},{"id":108,"sensDepart":true,"voieEnLigne":"GGE","voieAQuai":"12"},{"id":109,"sensDepart":false,"voieEnLigne":"V2_N","voieAQuai":"12"},{"id":110,"sensDepart":true,"voieEnLigne":"V2_N","voieAQuai":"12"},{"id":111,"sensDepart":false,"voieEnLigne":"GGE","voieAQuai":"12"},{"id":112,"sensDepart":true,"voieEnLigne":"GGE","voieAQuai":"12"},{"id":113,"sensDepart":false,"voieEnLigne":"VU_N","voieAQuai":"12"},{"id":114,"sensDepart":true,"voieEnLigne":"VU_N","voieAQuai":"12"},{"id":115,"sensDepart":false,"voieEnLigne":"V2_N","voieAQuai":"12"},{"id":116,"sensDepart":true,"voieEnLigne":"V2_N","voieAQuai":"12"},{"id":117,"sensDepart":false,"voieEnLigne":"V1_N","voieAQuai":"12"},{"id":118,"sensDepart":true,"voieEnLigne":"V1_N","voieAQuai":"12"},{"id":119,"sensDepart":false,"voieEnLigne":"GGE","voieAQuai":"12"},{"id":120,"sensDepart":true,"voieEnLigne":"GGE","voieAQuai":"12"},{"id":121,"sensDepart":false,"voieEnLigne":"GGE","voieAQuai":"12"},{"id":122,"sensDepart":true,"voieEnLigne":"GGE","voieAQuai":"12"},{"id":123,"sensDepart":false,"voieEnLigne":"MAN","voieAQuai":"11"},{"id":124,"sensDepart":true,"voieEnLigne":"V1_S","voieAQuai":"11"},{"id":125,"sensDepart":true,"voieEnLigne":"V2_S","voieAQuai":"11"},{"id":126,"sensDepart":true,"voieEnLigne":"VU2_S","voieAQuai":"11"},{"id":127,"sensDepart":false,"voieEnLigne":"GGE","voieAQuai":"10"},{"id":128,"sensDepart":true,"voieEnLigne":"GGE","voieAQuai":"10"},{"id":129,"sensDepart":true,"voieEnLigne":"V1_S","voieAQuai":"10"},{"id":130,"sensDepart":false,"voieEnLigne":"V1_S","voieAQuai":"10"},{"id":131,"sensDepart":true,"voieEnLigne":"V2_S","voieAQuai":"10"},{"id":132,"sensDepart":false,"voieEnLigne":"V2_S","voieAQuai":"10"},{"id":133,"sensDepart":true,"voieEnLigne":"VU2_S","voieAQuai":"10"},{"id":134,"sensDepart":false,"voieEnLigne":"VU1_S","voieAQuai":"10"},{"id":135,"sensDepart":false,"voieEnLigne":"GGE","voieAQuai":"10"},{"id":136,"sensDepart":true,"voieEnLigne":"GGE","voieAQuai":"10"},{"id":137,"sensDepart":false,"voieEnLigne":"V2_N","voieAQuai":"10"},{"id":138,"sensDepart":true,"voieEnLigne":"V2_N","voieAQuai":"10"},{"id":139,"sensDepart":false,"voieEnLigne":"GGE","voieAQuai":"10"},{"id":140,"sensDepart":true,"voieEnLigne":"GGE","voieAQuai":"10"},{"id":141,"sensDepart":false,"voieEnLigne":"VU_N","voieAQuai":"10"},{"id":142,"sensDepart":true,"voieEnLigne":"VU_N","voieAQuai":"10"},{"id":143,"sensDepart":false,"voieEnLigne":"V2_N","voieAQuai":"10"},{"id":144,"sensDepart":true,"voieEnLigne":"V2_N","voieAQuai":"10"},{"id":145,"sensDepart":false,"voieEnLigne":"V1_N","voieAQuai":"10"},{"id":146,"sensDepart":true,"voieEnLigne":"V1_N","voieAQuai":"10"},{"id":147,"sensDepart":false,"voieEnLigne":"GGE","voieAQuai":"10"},{"id":148,"sensDepart":true,"voieEnLigne":"GGE","voieAQuai":"10"},{"id":149,"sensDepart":false,"voieEnLigne":"GGE","voieAQuai":"10"},{"id":150,"sensDepart":true,"voieEnLigne":"GGE","voieAQuai":"10"},{"id":151,"sensDepart":false,"voieEnLigne":"GGE","voieAQuai":"8"},{"id":152,"sensDepart":true,"voieEnLigne":"GGE","voieAQuai":"8"},{"id":153,"sensDepart":true,"voieEnLigne":"V1_S","voieAQuai":"8"},{"id":154,"sensDepart":false,"voieEnLigne":"V1_S","voieAQuai":"8"},{"id":155,"sensDepart":true,"voieEnLigne":"V2_S","voieAQuai":"8"},{"id":156,"sensDepart":false,"voieEnLigne":"V2_S","voieAQuai":"8"},{"id":157,"sensDepart":true,"voieEnLigne":"VU2_S","voieAQuai":"8"},{"id":158,"sensDepart":true,"voieEnLigne":"VU2_S","voieAQuai":"8"},{"id":159,"sensDepart":false,"voieEnLigne":"VU1_S","voieAQuai":"8"},{"id":160,"sensDepart":false,"voieEnLigne":"GGE","voieAQuai":"8"},{"id":161,"sensDepart":true,"voieEnLigne":"GGE","voieAQuai":"8"},{"id":162,"sensDepart":false,"voieEnLigne":"V2_N","voieAQuai":"8"},{"id":163,"sensDepart":true,"voieEnLigne":"V2_N","voieAQuai":"8"},{"id":164,"sensDepart":false,"voieEnLigne":"GGE","voieAQuai":"8"},{"id":165,"sensDepart":true,"voieEnLigne":"GGE","voieAQuai":"8"},{"id":166,"sensDepart":false,"voieEnLigne":"VU_N","voieAQuai":"8"},{"id":167,"sensDepart":true,"voieEnLigne":"VU_N","voieAQuai":"8"},{"id":168,"sensDepart":false,"voieEnLigne":"V2_N","voieAQuai":"8"},{"id":169,"sensDepart":true,"voieEnLigne":"V2_N","voieAQuai":"8"},{"id":170,"sensDepart":false,"voieEnLigne":"V1_N","voieAQuai":"8"},{"id":171,"sensDepart":true,"voieEnLigne":"V1_N","voieAQuai":"8"},{"id":172,"sensDepart":false,"voieEnLigne":"GGE","voieAQuai":"8"},{"id":173,"sensDepart":true,"voieEnLigne":"GGE","voieAQuai":"8"},{"id":174,"sensDepart":false,"voieEnLigne":"GGE","voieAQuai":"8"},{"id":175,"sensDepart":true,"voieEnLigne":"GGE","voieAQuai":"8"},{"id":176,"sensDepart":false,"voieEnLigne":"VU_N","voieAQuai":"6"},{"id":177,"sensDepart":true,"voieEnLigne":"VU_N","voieAQuai":"6"},{"id":178,"sensDepart":false,"voieEnLigne":"V2_N","voieAQuai":"6"},{"id":179,"sensDepart":true,"voieEnLigne":"V2_N","voieAQuai":"6"},{"id":180,"sensDepart":false,"voieEnLigne":"V1_N","voieAQuai":"6"},{"id":181,"sensDepart":true,"voieEnLigne":"V1_N","voieAQuai":"6"},{"id":182,"sensDepart":false,"voieEnLigne":"GGE","voieAQuai":"6"},{"id":183,"sensDepart":true,"voieEnLigne":"GGE","voieAQuai":"6"},{"id":184,"sensDepart":true,"voieEnLigne":"V1_S","voieAQuai":"6"},{"id":185,"sensDepart":false,"voieEnLigne":"V1_S","voieAQuai":"6"},{"id":186,"sensDepart":true,"voieEnLigne":"V2_S","voieAQuai":"6"},{"id":187,"sensDepart":false,"voieEnLigne":"V2_S","voieAQuai":"6"},{"id":188,"sensDepart":true,"voieEnLigne":"VU2_S","voieAQuai":"6"},{"id":189,"sensDepart":false,"voieEnLigne":"VU1_S","voieAQuai":"6"},{"id":190,"sensDepart":false,"voieEnLigne":"V2_N","voieAQuai":"6"},{"id":191,"sensDepart":true,"voieEnLigne":"V2_N","voieAQuai":"6"},{"id":192,"sensDepart":false,"voieEnLigne":"V2_N","voieAQuai":"6"},{"id":193,"sensDepart":true,"voieEnLigne":"V2_N","voieAQuai":"6"},{"id":194,"sensDepart":false,"voieEnLigne":"Dep","voieAQuai":"6"},{"id":195,"sensDepart":true,"voieEnLigne":"Dep","voieAQuai":"6"},{"id":196,"sensDepart":false,"voieEnLigne":"GGE","voieAQuai":"6"},{"id":197,"sensDepart":true,"voieEnLigne":"GGE","voieAQuai":"6"},{"id":198,"sensDepart":false,"voieEnLigne":"VU_N","voieAQuai":"6"},{"id":199,"sensDepart":true,"voieEnLigne":"VU_N","voieAQuai":"6"},{"id":200,"sensDepart":false,"voieEnLigne":"V2_N","voieAQuai":"6"},{"id":201,"sensDepart":true,"voieEnLigne":"V2_N","voieAQuai":"6"},{"id":202,"sensDepart":false,"voieEnLigne":"V1_N","voieAQuai":"6"},{"id":203,"sensDepart":true,"voieEnLigne":"V1_N","voieAQuai":"6"},{"id":204,"sensDepart":false,"voieEnLigne":"Dep","voieAQuai":"6"},{"id":205,"sensDepart":true,"voieEnLigne":"Dep","voieAQuai":"6"},{"id":206,"sensDepart":false,"voieEnLigne":"GGE","voieAQuai":"6"},{"id":207,"sensDepart":true,"voieEnLigne":"GGE","voieAQuai":"6"},{"id":208,"sensDepart":false,"voieEnLigne":"GGE","voieAQuai":"6"},{"id":209,"sensDepart":true,"voieEnLigne":"GGE","voieAQuai":"6"},{"id":210,"sensDepart":false,"voieEnLigne":"Dep","voieAQuai":"6"},{"id":211,"sensDepart":true,"voieEnLigne":"Dep","voieAQuai":"6"},{"id":212,"sensDepart":false,"voieEnLigne":"GGE","voieAQuai":"6"},{"id":213,"sensDepart":true,"voieEnLigne":"GGE","voieAQuai":"6"},{"id":214,"sensDepart":false,"voieEnLigne":"GGE","voieAQuai":"6"},{"id":215,"sensDepart":true,"voieEnLigne":"GGE","voieAQuai":"6"},{"id":216,"sensDepart":false,"voieEnLigne":"VU_N","voieAQuai":"4"},{"id":217,"sensDepart":true,"voieEnLigne":"VU_N","voieAQuai":"4"},{"id":218,"sensDepart":false,"voieEnLigne":"V2_N","voieAQuai":"4"},{"id":219,"sensDepart":true,"voieEnLigne":"V2_N","voieAQuai":"4"},{"id":220,"sensDepart":false,"voieEnLigne":"V1_N","voieAQuai":"4"},{"id":221,"sensDepart":true,"voieEnLigne":"V1_N","voieAQuai":"4"},{"id":222,"sensDepart":false,"voieEnLigne":"Dep","voieAQuai":"4"},{"id":223,"sensDepart":true,"voieEnLigne":"Dep","voieAQuai":"4"},{"id":224,"sensDepart":false,"voieEnLigne":"GGE","voieAQuai":"4"},{"id":225,"sensDepart":true,"voieEnLigne":"GGE","voieAQuai":"4"},{"id":226,"sensDepart":false,"voieEnLigne":"GGE","voieAQuai":"4"},{"id":227,"sensDepart":true,"voieEnLigne":"GGE","voieAQuai":"4"},{"id":228,"sensDepart":true,"voieEnLigne":"V1_S","voieAQuai":"4"},{"id":229,"sensDepart":false,"voieEnLigne":"V1_S","voieAQuai":"4"},{"id":230,"sensDepart":true,"voieEnLigne":"V2_S","voieAQuai":"4"},{"id":231,"sensDepart":false,"voieEnLigne":"V2_S","voieAQuai":"4"},{"id":232,"sensDepart":true,"voieEnLigne":"VU2_S","voieAQuai":"4"},{"id":233,"sensDepart":false,"voieEnLigne":"VU1_S","voieAQuai":"4"},{"id":234,"sensDepart":false,"voieEnLigne":"V2_N","voieAQuai":"4"},{"id":235,"sensDepart":true,"voieEnLigne":"V2_N","voieAQuai":"4"},{"id":236,"sensDepart":false,"voieEnLigne":"Dep","voieAQuai":"4"},{"id":237,"sensDepart":true,"voieEnLigne":"Dep","voieAQuai":"4"},{"id":238,"sensDepart":false,"voieEnLigne":"GGE","voieAQuai":"4"},{"id":239,"sensDepart":true,"voieEnLigne":"GGE","voieAQuai":"4"},{"id":240,"sensDepart":false,"voieEnLigne":"VU_N","voieAQuai":"4"},{"id":241,"sensDepart":true,"voieEnLigne":"VU_N","voieAQuai":"4"},{"id":242,"sensDepart":false,"voieEnLigne":"V2_N","voieAQuai":"4"},{"id":243,"sensDepart":true,"voieEnLigne":"V2_N","voieAQuai":"4"},{"id":244,"sensDepart":false,"voieEnLigne":"V1_N","voieAQuai":"4"},{"id":245,"sensDepart":true,"voieEnLigne":"V1_N","voieAQuai":"4"},{"id":246,"sensDepart":false,"voieEnLigne":"GGE","voieAQuai":"4"},{"id":247,"sensDepart":true,"voieEnLigne":"GGE","voieAQuai":"4"},{"id":248,"sensDepart":false,"voieEnLigne":"Dep","voieAQuai":"4"},{"id":249,"sensDepart":true,"voieEnLigne":"Dep","voieAQuai":"4"},{"id":250,"sensDepart":false,"voieEnLigne":"GGE","voieAQuai":"4"},{"id":251,"sensDepart":true,"voieEnLigne":"GGE","voieAQuai":"4"},{"id":252,"sensDepart":false,"voieEnLigne":"VU_N","voieAQuai":"3"},{"id":253,"sensDepart":true,"voieEnLigne":"VU_N","voieAQuai":"3"},{"id":254,"sensDepart":false,"voieEnLigne":"V2_N","voieAQuai":"3"},{"id":255,"sensDepart":true,"voieEnLigne":"V2_N","voieAQuai":"3"},{"id":256,"sensDepart":false,"voieEnLigne":"V1_N","voieAQuai":"3"},{"id":257,"sensDepart":true,"voieEnLigne":"V1_N","voieAQuai":"3"},{"id":258,"sensDepart":false,"voieEnLigne":"Dep","voieAQuai":"3"},{"id":259,"sensDepart":true,"voieEnLigne":"Dep","voieAQuai":"3"},{"id":260,"sensDepart":false,"voieEnLigne":"GGE","voieAQuai":"3"},{"id":261,"sensDepart":true,"voieEnLigne":"GGE","voieAQuai":"3"},{"id":262,"sensDepart":false,"voieEnLigne":"V2_N","voieAQuai":"3"},{"id":263,"sensDepart":true,"voieEnLigne":"V2_N","voieAQuai":"3"},{"id":264,"sensDepart":false,"voieEnLigne":"Dep","voieAQuai":"3"},{"id":265,"sensDepart":true,"voieEnLigne":"Dep","voieAQuai":"3"},{"id":266,"sensDepart":false,"voieEnLigne":"GGE","voieAQuai":"3"},{"id":267,"sensDepart":true,"voieEnLigne":"GGE","voieAQuai":"3"},{"id":268,"sensDepart":false,"voieEnLigne":"VU_N","voieAQuai":"3"},{"id":269,"sensDepart":true,"voieEnLigne":"VU_N","voieAQuai":"3"},{"id":270,"sensDepart":false,"voieEnLigne":"V2_N","voieAQuai":"3"},{"id":271,"sensDepart":true,"voieEnLigne":"V2_N","voieAQuai":"3"},{"id":272,"sensDepart":false,"voieEnLigne":"V1_N","voieAQuai":"3"},{"id":273,"sensDepart":true,"voieEnLigne":"V1_N","voieAQuai":"3"},{"id":274,"sensDepart":false,"voieEnLigne":"Dep","voieAQuai":"3"},{"id":275,"sensDepart":true,"voieEnLigne":"Dep","voieAQuai":"3"},{"id":276,"sensDepart":false,"voieEnLigne":"GGE","voieAQuai":"3"},{"id":277,"sensDepart":true,"voieEnLigne":"GGE","voieAQuai":"3"},{"id":278,"sensDepart":false,"voieEnLigne":"VU_N","voieAQuai":"V2"},{"id":279,"sensDepart":true,"voieEnLigne":"VU_N","voieAQuai":"V2"},{"id":280,"sensDepart":false,"voieEnLigne":"V2_N","voieAQuai":"V2"},{"id":281,"sensDepart":true,"voieEnLigne":"V2_N","voieAQuai":"V2"},{"id":282,"sensDepart":false,"voieEnLigne":"V1_N","voieAQuai":"V2"},{"id":283,"sensDepart":true,"voieEnLigne":"V1_N","voieAQuai":"V2"},{"id":284,"sensDepart":false,"voieEnLigne":"Dep","voieAQuai":"V2"},{"id":285,"sensDepart":true,"voieEnLigne":"Dep","voieAQuai":"V2"},{"id":286,"sensDepart":false,"voieEnLigne":"GGE","voieAQuai":"V2"},{"id":287,"sensDepart":true,"voieEnLigne":"GGE","voieAQuai":"V2"},{"id":288,"sensDepart":false,"voieEnLigne":"GGE","voieAQuai":"V2"},{"id":289,"sensDepart":true,"voieEnLigne":"GGE","voieAQuai":"V2"},{"id":290,"sensDepart":true,"voieEnLigne":"V1_S","voieAQuai":"V2"},{"id":291,"sensDepart":false,"voieEnLigne":"V1_S","voieAQuai":"V2"},{"id":292,"sensDepart":true,"voieEnLigne":"V2_S","voieAQuai":"V2"},{"id":293,"sensDepart":false,"voieEnLigne":"V2_S","voieAQuai":"V2"},{"id":294,"sensDepart":true,"voieEnLigne":"VU2_S","voieAQuai":"V2"},{"id":295,"sensDepart":false,"voieEnLigne":"VU1_S","voieAQuai":"V2"},{"id":296,"sensDepart":false,"voieEnLigne":"V2_N","voieAQuai":"V2"},{"id":297,"sensDepart":true,"voieEnLigne":"V2_N","voieAQuai":"V2"},{"id":298,"sensDepart":false,"voieEnLigne":"Dep","voieAQuai":"V2"},{"id":299,"sensDepart":true,"voieEnLigne":"Dep","voieAQuai":"V2"},{"id":300,"sensDepart":false,"voieEnLigne":"GGE","voieAQuai":"V2"},{"id":301,"sensDepart":true,"voieEnLigne":"GGE","voieAQuai":"V2"},{"id":302,"sensDepart":false,"voieEnLigne":"VU_N","voieAQuai":"V2"},{"id":303,"sensDepart":true,"voieEnLigne":"VU_N","voieAQuai":"V2"},{"id":304,"sensDepart":false,"voieEnLigne":"V2_N","voieAQuai":"V2"},{"id":305,"sensDepart":true,"voieEnLigne":"V2_N","voieAQuai":"V2"},{"id":306,"sensDepart":false,"voieEnLigne":"V1_N","voieAQuai":"V2"},{"id":307,"sensDepart":true,"voieEnLigne":"V1_N","voieAQuai":"V2"},{"id":308,"sensDepart":false,"voieEnLigne":"Dep","voieAQuai":"V2"},{"id":309,"sensDepart":true,"voieEnLigne":"Dep","voieAQuai":"V2"},{"id":310,"sensDepart":false,"voieEnLigne":"GGE","voieAQuai":"V2"},{"id":311,"sensDepart":true,"voieEnLigne":"GGE","voieAQuai":"V2"},{"id":312,"sensDepart":true,"voieEnLigne":"MAN","voieAQuai":"V1"},{"id":313,"sensDepart":false,"voieEnLigne":"V1_S","voieAQuai":"V1"},{"id":314,"sensDepart":true,"voieEnLigne":"V1_S","voieAQuai":"V1"},{"id":315,"sensDepart":false,"voieEnLigne":"V2_S","voieAQuai":"V1"},{"id":316,"sensDepart":true,"voieEnLigne":"V2_S","voieAQuai":"V1"},{"id":317,"sensDepart":true,"voieEnLigne":"VU2_S","voieAQuai":"V1"},{"id":318,"sensDepart":false,"voieEnLigne":"VU_N","voieAQuai":"V1"},{"id":319,"sensDepart":true,"voieEnLigne":"VU_N","voieAQuai":"V1"},{"id":320,"sensDepart":false,"voieEnLigne":"V2_N","voieAQuai":"V1"},{"id":321,"sensDepart":true,"voieEnLigne":"V2_N","voieAQuai":"V1"},{"id":322,"sensDepart":false,"voieEnLigne":"V1_N","voieAQuai":"V1"},{"id":323,"sensDepart":true,"voieEnLigne":"V1_N","voieAQuai":"V1"},{"id":324,"sensDepart":false,"voieEnLigne":"Dep","voieAQuai":"V1"},{"id":325,"sensDepart":true,"voieEnLigne":"Dep","voieAQuai":"V1"},{"id":326,"sensDepart":false,"voieEnLigne":"GGE","voieAQuai":"V1"},{"id":327,"sensDepart":true,"voieEnLigne":"GGE","voieAQuai":"V1"},{"id":328,"sensDepart":false,"voieEnLigne":"V2_N","voieAQuai":"V1"},{"id":329,"sensDepart":true,"voieEnLigne":"V2_N","voieAQuai":"V1"},{"id":330,"sensDepart":false,"voieEnLigne":"Dep","voieAQuai":"V1"},{"id":331,"sensDepart":true,"voieEnLigne":"Dep","voieAQuai":"V1"},{"id":332,"sensDepart":false,"voieEnLigne":"GGE","voieAQuai":"V1"},{"id":333,"sensDepart":true,"voieEnLigne":"GGE","voieAQuai":"V1"},{"id":334,"sensDepart":false,"voieEnLigne":"VU_N","voieAQuai":"V1"},{"id":335,"sensDepart":true,"voieEnLigne":"VU_N","voieAQuai":"V1"},{"id":336,"sensDepart":false,"voieEnLigne":"V2_N","voieAQuai":"V1"},{"id":337,"sensDepart":true,"voieEnLigne":"V2_N","voieAQuai":"V1"},{"id":338,"sensDepart":false,"voieEnLigne":"V1_N","voieAQuai":"V1"},{"id":339,"sensDepart":true,"voieEnLigne":"V1_N","voieAQuai":"V1"},{"id":340,"sensDepart":false,"voieEnLigne":"Dep","voieAQuai":"V1"},{"id":341,"sensDepart":true,"voieEnLigne":"Dep","voieAQuai":"V1"},{"id":342,"sensDepart":false,"voieEnLigne":"GGE","voieAQuai":"V1"},{"id":343,"sensDepart":true,"voieEnLigne":"GGE","voieAQuai":"V1"},{"id":344,"sensDepart":false,"voieEnLigne":"Dep","voieAQuai":"V1"},{"id":345,"sensDepart":false,"voieEnLigne":"Dep","voieAQuai":"12"},{"id":346,"sensDepart":true,"voieEnLigne":"Dep","voieAQuai":"12"},{"id":347,"sensDepart":false,"voieEnLigne":"Dep","voieAQuai":"10"},{"id":348,"sensDepart":true,"voieEnLigne":"Dep","voieAQuai":"10"},{"id":349,"sensDepart":false,"voieEnLigne":"Dep","voieAQuai":"8"},{"id":350,"sensDepart":true,"voieEnLigne":"Dep","voieAQuai":"8"},{"id":351,"sensDepart":false,"voieEnLigne":"Dep","voieAQuai":"6"},{"id":352,"sensDepart":true,"voieEnLigne":"Dep","voieAQuai":"6"},{"id":353,"sensDepart":false,"voieEnLigne":"Dep","voieAQuai":"6"},{"id":354,"sensDepart":true,"voieEnLigne":"Dep","voieAQuai":"6"},{"id":355,"sensDepart":false,"voieEnLigne":"Dep","voieAQuai":"4"},{"id":356,"sensDepart":true,"voieEnLigne":"Dep","voieAQuai":"4"},{"id":357,"sensDepart":false,"voieEnLigne":"Dep","voieAQuai":"3"},{"id":358,"sensDepart":true,"voieEnLigne":"Dep","voieAQuai":"3"},{"id":359,"sensDepart":false,"voieEnLigne":"Dep","voieAQuai":"V2"},{"id":360,"sensDepart":true,"voieEnLigne":"Dep","voieAQuai":"V2"},{"id":361,"sensDepart":true,"voieEnLigne":"V1_S","voieAQuai":"GGE"},{"id":362,"sensDepart":false,"voieEnLigne":"V1_S","voieAQuai":"GGE"},{"id":363,"sensDepart":true,"voieEnLigne":"V2_S","voieAQuai":"GGE"},{"id":364,"sensDepart":false,"voieEnLigne":"V2_S","voieAQuai":"GGE"},{"id":365,"sensDepart":true,"voieEnLigne":"VU2_S","voieAQuai":"GGE"},{"id":366,"sensDepart":false,"voieEnLigne":"VU1_S","voieAQuai":"GGE"},{"id":367,"sensDepart":false,"voieEnLigne":"VU_N","voieAQuai":"GGE"},{"id":368,"sensDepart":true,"voieEnLigne":"VU_N","voieAQuai":"GGE"},{"id":369,"sensDepart":false,"voieEnLigne":"V2_N","voieAQuai":"GGE"},{"id":370,"sensDepart":true,"voieEnLigne":"V2_N","voieAQuai":"GGE"},{"id":371,"sensDepart":false,"voieEnLigne":"V1_N","voieAQuai":"GGE"},{"id":372,"sensDepart":true,"voieEnLigne":"V1_N","voieAQuai":"GGE"},{"id":373,"sensDepart":false,"voieEnLigne":"V2_N","voieAQuai":"GGE"},{"id":374,"sensDepart":true,"voieEnLigne":"V2_N","voieAQuai":"GGE"},{"id":375,"sensDepart":false,"voieEnLigne":"GGE","voieAQuai":"GGE"},{"id":376,"sensDepart":true,"voieEnLigne":"GGE","voieAQuai":"GGE"},{"id":377,"sensDepart":false,"voieEnLigne":"GGE","voieAQuai":"GGE"},{"id":378,"sensDepart":true,"voieEnLigne":"GGE","voieAQuai":"GGE"},{"id":379,"sensDepart":false,"voieEnLigne":"GGE","voieAQuai":"GGE"},{"id":380,"sensDepart":true,"voieEnLigne":"GGE","voieAQuai":"GGE"},{"id":381,"sensDepart":false,"voieEnLigne":"GGE","voieAQuai":"GGE"},{"id":382,"sensDepart":true,"voieEnLigne":"GGE","voieAQuai":"GGE"},{"id":383,"sensDepart":false,"voieEnLigne":"GGE","voieAQuai":"GGE"},{"id":384,"sensDepart":true,"voieEnLigne":"GGE","voieAQuai":"GGE"},{"id":385,"sensDepart":false,"voieEnLigne":"GGE","voieAQuai":"18"},{"id":386,"sensDepart":true,"voieEnLigne":"GGE","voieAQuai":"18"},{"id":387,"sensDepart":false,"voieEnLigne":"GGE","voieAQuai":"18"},{"id":388,"sensDepart":true,"voieEnLigne":"GGE","voieAQuai":"18"},{"id":389,"sensDepart":false,"voieEnLigne":"GGE","voieAQuai":"18"},{"id":390,"sensDepart":true,"voieEnLigne":"GGE","voieAQuai":"18"},{"id":391,"sensDepart":false,"voieEnLigne":"GGE","voieAQuai":"18"},{"id":392,"sensDepart":true,"voieEnLigne":"GGE","voieAQuai":"18"},{"id":393,"sensDepart":false,"voieEnLigne":"GGE","voieAQuai":"18"},{"id":394,"sensDepart":true,"voieEnLigne":"GGE","voieAQuai":"18"},{"id":395,"sensDepart":false,"voieEnLigne":"GGE","voieAQuai":"14"},{"id":396,"sensDepart":true,"voieEnLigne":"GGE","voieAQuai":"14"},{"id":397,"sensDepart":false,"voieEnLigne":"GGE","voieAQuai":"14"},{"id":398,"sensDepart":true,"voieEnLigne":"GGE","voieAQuai":"14"},{"id":399,"sensDepart":false,"voieEnLigne":"GGE","voieAQuai":"14"},{"id":400,"sensDepart":true,"voieEnLigne":"GGE","voieAQuai":"14"},{"id":401,"sensDepart":false,"voieEnLigne":"GGE","voieAQuai":"14"},{"id":402,"sensDepart":true,"voieEnLigne":"GGE","voieAQuai":"14"},{"id":403,"sensDepart":false,"voieEnLigne":"GGE","voieAQuai":"14"},{"id":404,"sensDepart":true,"voieEnLigne":"GGE","voieAQuai":"14"},{"id":405,"sensDepart":false,"voieEnLigne":"GGE","voieAQuai":"16"},{"id":406,"sensDepart":true,"voieEnLigne":"GGE","voieAQuai":"16"},{"id":407,"sensDepart":false,"voieEnLigne":"GGE","voieAQuai":"16"},{"id":408,"sensDepart":true,"voieEnLigne":"GGE","voieAQuai":"16"},{"id":409,"sensDepart":false,"voieEnLigne":"GGE","voieAQuai":"16"},{"id":410,"sensDepart":true,"voieEnLigne":"GGE","voieAQuai":"16"},{"id":411,"sensDepart":false,"voieEnLigne":"GGE","voieAQuai":"16"},{"id":412,"sensDepart":true,"voieEnLigne":"GGE","voieAQuai":"16"},{"id":413,"sensDepart":false,"voieEnLigne":"GGE","voieAQuai":"16"},{"id":414,"sensDepart":true,"voieEnLigne":"GGE","voieAQuai":"16"},{"id":415,"sensDepart":false,"voieEnLigne":"MAN","voieAQuai":"V1"},{"id":416,"sensDepart":true,"voieEnLigne":"MAN","voieAQuai":"V1"},{"id":417,"sensDepart":false,"voieEnLigne":"MAN","voieAQuai":"Z"},{"id":418,"sensDepart":true,"voieEnLigne":"MAN","voieAQuai":"Z"},{"id":419,"sensDepart":false,"voieEnLigne":"MAN","voieAQuai":"V2"},{"id":420,"sensDepart":true,"voieEnLigne":"MAN","voieAQuai":"V2"},{"id":421,"sensDepart":false,"voieEnLigne":"MAN","voieAQuai":"4"},{"id":422,"sensDepart":true,"voieEnLigne":"MAN","voieAQuai":"4"},{"id":423,"sensDepart":false,"voieEnLigne":"MAN","voieAQuai":"6"},{"id":424,"sensDepart":true,"voieEnLigne":"MAN","voieAQuai":"6"},{"id":425,"sensDepart":false,"voieEnLigne":"MAN","voieAQuai":"V1"},{"id":426,"sensDepart":true,"voieEnLigne":"MAN","voieAQuai":"V1"},{"id":427,"sensDepart":false,"voieEnLigne":"MAN","voieAQuai":"Z"},{"id":428,"sensDepart":true,"voieEnLigne":"MAN","voieAQuai":"Z"},{"id":429,"sensDepart":false,"voieEnLigne":"MAN","voieAQuai":"V2"},{"id":430,"sensDepart":true,"voieEnLigne":"MAN","voieAQuai":"V2"},{"id":431,"sensDepart":false,"voieEnLigne":"MAN","voieAQuai":"4"},{"id":432,"sensDepart":true,"voieEnLigne":"MAN","voieAQuai":"4"},{"id":433,"sensDepart":false,"voieEnLigne":"MAN","voieAQuai":"6"},{"id":434,"sensDepart":true,"voieEnLigne":"MAN","voieAQuai":"6"},{"id":435,"sensDepart":false,"voieEnLigne":"MAN","voieAQuai":"Z"},{"id":436,"sensDepart":true,"voieEnLigne":"MAN","voieAQuai":"Z"},{"id":437,"sensDepart":false,"voieEnLigne":"MAN","voieAQuai":"V2"},{"id":438,"sensDepart":true,"voieEnLigne":"MAN","voieAQuai":"V2"},{"id":439,"sensDepart":false,"voieEnLigne":"MAN","voieAQuai":"4"},{"id":440,"sensDepart":true,"voieEnLigne":"MAN","voieAQuai":"4"},{"id":441,"sensDepart":false,"voieEnLigne":"MAN","voieAQuai":"6"},{"id":442,"sensDepart":true,"voieEnLigne":"MAN","voieAQuai":"6"}],"voiesAQuai":["11","12","13","14","GGE","16","18","ETU","3","4","6","8","Z","V1","V2","10"],"voiesEnLigne":["VU2_S","GGE","VU1_S","VU_N","V2_S","V1_S","MAN","V2_N","V1_N","Dep"],"interdictionsQuais":[],"contraintes":[[5,188,6,194,1500],[5,188,6,351,1500],[5,188,6,353,1500],[5,188,6,204,1500],[5,188,6,210,1500],[5,26,6,48,1500],[5,26,6,32,1500],[5,26,6,18,1500],[5,26,6,52,1500],[5,157,6,349,1500],[5,5,6,48,1500],[5,5,6,32,1500],[5,5,6,18,1500],[5,5,6,52,1500],[5,158,6,349,1500],[5,133,6,347,1500],[5,294,6,284,1500],[5,294,6,298,1500],[5,294,6,308,1500],[5,294,6,359,1500],[5,232,6,222,1500],[5,232,6,248,1500],[5,232,6,355,1500],[5,232,6,236,1500],[5,105,6,345,1500],[10,44,12,43,10000],[10,44,12,11,10000],[10,44,12,13,10000],[10,44,12,29,10000],[10,44,12,31,10000],[10,44,12,41,10000],[10,65,12,60,10000],[10,65,12,64,10000],[10,117,12,110,10000],[10,117,12,116,10000],[10,46,12,43,10000],[10,46,12,11,10000],[10,46,12,13,10000],[10,46,12,29,10000],[10,46,12,31,10000],[10,46,12,41,10000],[10,244,12,219,10000],[10,244,12,243,10000],[10,244,12,235,10000],[10,371,12,370,10000],[10,371,12,374,10000],[10,220,12,219,10000],[10,220,12,243,10000],[10,220,12,235,10000],[10,14,12,43,10000],[10,14,12,11,10000],[10,14,12,13,10000],[10,14,12,29,10000],[10,14,12,31,10000],[10,14,12,41,10000],[10,16,12,43,10000],[10,16,12,11,10000],[10,16,12,13,10000],[10,16,12,29,10000],[10,16,12,31,10000],[10,16,12,41,10000],[10,202,12,193,10000],[10,202,12,201,10000],[10,202,12,191,10000],[10,202,12,179,10000],[10,338,12,329,10000],[10,338,12,337,10000],[10,338,12,321,10000],[10,93,12,88,10000],[10,93,12,92,10000],[10,79,12,74,10000],[10,79,12,78,10000],[10,170,12,163,10000],[10,170,12,169,10000],[10,282,12,297,10000],[10,282,12,305,10000],[10,282,12,281,10000],[10,145,12,138,10000],[10,145,12,144,10000],[10,180,12,193,10000],[10,180,12,201,10000],[10,180,12,191,10000],[10,180,12,179,10000],[10,306,12,297,10000],[10,306,12,305,10000],[10,306,12,281,10000],[10,322,12,329,10000],[10,322,12,337,10000],[10,322,12,321,10000],[10,44,14,43,10000],[10,44,14,11,10000],[10,44,14,13,10000],[10,44,14,29,10000],[10,44,14,31,10000],[10,44,14,41,10000],[10,65,14,60,10000],[10,65,14,64,10000],[10,117,14,110,10000],[10,117,14,116,10000],[10,46,14,43,10000],[10,46,14,11,10000],[10,46,14,13,10000],[10,46,14,29,10000],[10,46,14,31,10000],[10,46,14,41,10000],[10,244,14,219,10000],[10,244,14,243,10000],[10,244,14,235,10000],[10,371,14,370,10000],[10,371,14,374,10000],[10,220,14,219,10000],[10,220,14,243,10000],[10,220,14,235,10000],[10,14,14,43,10000],[10,14,14,11,10000],[10,14,14,13,10000],[10,14,14,29,10000],[10,14,14,31,10000],[10,14,14,41,10000],[10,16,14,43,10000],[10,16,14,11,10000],[10,16,14,13,10000],[10,16,14,29,10000],[10,16,14,31,10000],[10,16,14,41,10000],[10,202,14,193,10000],[10,202,14,201,10000],[10,202,14,191,10000],[10,202,14,179,10000],[10,338,14,329,10000],[10,338,14,337,10000],[10,338,14,321,10000],[10,93,14,88,10000],[10,93,14,92,10000],[10,79,14,74,10000],[10,79,14,78,10000],[10,170,14,163,10000],[10,170,14,169,10000],[10,282,14,297,10000],[10,282,14,305,10000],[10,282,14,281,10000],[10,145,14,138,10000],[10,145,14,144,10000],[10,180,14,193,10000],[10,180,14,201,10000],[10,180,14,191,10000],[10,180,14,179,10000],[10,306,14,297,10000],[10,306,14,305,10000],[10,306,14,281,10000],[10,322,14,329,10000],[10,322,14,337,10000],[10,322,14,321,10000],[18,27,19,435,10000],[18,27,19,427,10000],[18,27,19,417,10000],[18,189,19,423,10000],[18,189,19,441,10000],[18,189,19,433,10000],[18,295,19,437,10000],[18,295,19,429,10000],[18,295,19,419,10000],[18,233,19,439,10000],[18,233,19,431,10000],[18,233,19,421,10000],[18,27,20,436,10000],[18,27,20,418,10000],[18,27,20,0,10000],[18,27,20,428,10000],[18,189,20,424,10000],[18,189,20,434,10000],[18,189,20,442,10000],[18,295,20,438,10000],[18,295,20,420,10000],[18,295,20,430,10000],[18,233,20,440,10000],[18,233,20,422,10000],[18,233,20,432,10000],[18,58,24,60,10000],[18,58,24,64,10000],[18,27,24,43,10000],[18,27,24,11,10000],[18,27,24,13,10000],[18,27,24,29,10000],[18,27,24,31,10000],[18,27,24,41,10000],[18,189,24,193,10000],[18,189,24,201,10000],[18,189,24,191,10000],[18,189,24,179,10000],[18,134,24,138,10000],[18,134,24,144,10000],[18,295,24,297,10000],[18,295,24,305,10000],[18,295,24,281,10000],[18,366,24,370,10000],[18,366,24,374,10000],[18,159,24,163,10000],[18,159,24,169,10000],[18,106,24,110,10000],[18,106,24,116,10000],[18,86,24,88,10000],[18,86,24,92,10000],[18,72,24,74,10000],[18,72,24,78,10000],[18,233,24,219,10000],[18,233,24,243,10000],[18,233,24,235,10000],[19,435,20,436,17500],[19,435,20,418,17500],[19,435,20,0,17500],[19,435,20,428,17500],[19,423,20,424,17500],[19,423,20,434,17500],[19,423,20,442,17500],[19,415,20,416,17500],[19,415,20,426,17500],[19,415,20,312,17500],[19,425,20,416,17500],[19,425,20,426,17500],[19,425,20,312,17500],[19,427,20,436,17500],[19,427,20,418,17500],[19,427,20,0,17500],[19,427,20,428,17500],[19,437,20,438,17500],[19,437,20,420,17500],[19,437,20,430,17500],[19,429,20,438,17500],[19,429,20,420,17500],[19,429,20,430,17500],[19,439,20,440,17500],[19,439,20,422,17500],[19,439,20,432,17500],[19,417,20,436,17500],[19,417,20,418,17500],[19,417,20,0,17500],[19,417,20,428,17500],[19,431,20,440,17500],[19,431,20,422,17500],[19,431,20,432,17500],[19,419,20,438,17500],[19,419,20,420,17500],[19,419,20,430,17500],[19,441,20,424,17500],[19,441,20,434,17500],[19,441,20,442,17500],[19,433,20,424,17500],[19,433,20,434,17500],[19,433,20,442,17500],[19,421,20,440,17500],[19,421,20,422,17500],[19,421,20,432,17500],[19,435,23,23,10000],[19,435,23,2,10000],[19,423,23,184,10000],[19,415,23,314,10000],[19,425,23,314,10000],[19,427,23,23,10000],[19,427,23,2,10000],[19,437,23,290,10000],[19,429,23,290,10000],[19,439,23,228,10000],[19,417,23,23,10000],[19,417,23,2,10000],[19,431,23,228,10000],[19,419,23,290,10000],[19,441,23,184,10000],[19,433,23,184,10000],[19,421,23,228,10000],[19,435,24,43,10000],[19,435,24,11,10000],[19,435,24,13,10000],[19,435,24,29,10000],[19,435,24,31,10000],[19,435,24,41,10000],[19,423,24,193,10000],[19,423,24,201,10000],[19,423,24,191,10000],[19,423,24,179,10000],[19,415,24,329,10000],[19,415,24,337,10000],[19,415,24,321,10000],[19,425,24,329,10000],[19,425,24,337,10000],[19,425,24,321,10000],[19,427,24,43,10000],[19,427,24,11,10000],[19,427,24,13,10000],[19,427,24,29,10000],[19,427,24,31,10000],[19,427,24,41,10000],[19,437,24,297,10000],[19,437,24,305,10000],[19,437,24,281,10000],[19,429,24,297,10000],[19,429,24,305,10000],[19,429,24,281,10000],[19,439,24,219,10000],[19,439,24,243,10000],[19,439,24,235,10000],[19,417,24,43,10000],[19,417,24,11,10000],[19,417,24,13,10000],[19,417,24,29,10000],[19,417,24,31,10000],[19,417,24,41,10000],[19,431,24,219,10000],[19,431,24,243,10000],[19,431,24,235,10000],[19,419,24,297,10000],[19,419,24,305,10000],[19,419,24,281,10000],[19,441,24,193,10000],[19,441,24,201,10000],[19,441,24,191,10000],[19,441,24,179,10000],[19,433,24,193,10000],[19,433,24,201,10000],[19,433,24,191,10000],[19,433,24,179,10000],[19,421,24,219,10000],[19,421,24,243,10000],[19,421,24,235,10000],[19,435,25,44,10000],[19,435,25,46,10000],[19,435,25,14,10000],[19,435,25,16,10000],[19,423,25,202,10000],[19,423,25,180,10000],[19,415,25,338,10000],[19,415,25,322,10000],[19,425,25,338,10000],[19,425,25,322,10000],[19,427,25,44,10000],[19,427,25,46,10000],[19,427,25,14,10000],[19,427,25,16,10000],[19,437,25,282,10000],[19,437,25,306,10000],[19,429,25,282,10000],[19,429,25,306,10000],[19,439,25,244,10000],[19,439,25,220,10000],[19,417,25,44,10000],[19,417,25,46,10000],[19,417,25,14,10000],[19,417,25,16,10000],[19,431,25,244,10000],[19,431,25,220,10000],[19,419,25,282,10000],[19,419,25,306,10000],[19,441,25,202,10000],[19,441,25,180,10000],[19,433,25,202,10000],[19,433,25,180,10000],[19,421,25,244,10000],[19,421,25,220,10000],[19,435,28,23,10000],[19,435,28,2,10000],[19,423,28,184,10000],[19,415,28,314,10000],[19,425,28,314,10000],[19,427,28,23,10000],[19,427,28,2,10000],[19,437,28,290,10000],[19,429,28,290,10000],[19,439,28,228,10000],[19,417,28,23,10000],[19,417,28,2,10000],[19,431,28,228,10000],[19,419,28,290,10000],[19,441,28,184,10000],[19,433,28,184,10000],[19,421,28,228,10000],[19,415,29,338,10000],[19,415,29,322,10000],[19,425,29,338,10000],[19,425,29,322,10000],[19,435,33,44,10000],[19,435,33,46,10000],[19,435,33,14,10000],[19,435,33,16,10000],[19,423,33,202,10000],[19,423,33,180,10000],[19,415,33,338,10000],[19,415,33,322,10000],[19,425,33,338,10000],[19,425,33,322,10000],[19,427,33,44,10000],[19,427,33,46,10000],[19,427,33,14,10000],[19,427,33,16,10000],[19,437,33,282,10000],[19,437,33,306,10000],[19,429,33,282,10000],[19,429,33,306,10000],[19,439,33,244,10000],[19,439,33,220,10000],[19,417,33,44,10000],[19,417,33,46,10000],[19,417,33,14,10000],[19,417,33,16,10000],[19,431,33,244,10000],[19,431,33,220,10000],[19,419,33,282,10000],[19,419,33,306,10000],[19,441,33,202,10000],[19,441,33,180,10000],[19,433,33,202,10000],[19,433,33,180,10000],[19,421,33,244,10000],[19,421,33,220,10000],[19,435,36,26,10000],[19,435,36,5,10000],[19,423,36,188,10000],[19,427,36,26,10000],[19,427,36,5,10000],[19,437,36,294,10000],[19,429,36,294,10000],[19,439,36,232,10000],[19,417,36,26,10000],[19,417,36,5,10000],[19,431,36,232,10000],[19,419,36,294,10000],[19,441,36,188,10000],[19,433,36,188,10000],[19,421,36,232,10000],[19,435,43,43,10000],[19,435,43,11,10000],[19,435,43,13,10000],[19,435,43,29,10000],[19,435,43,31,10000],[19,435,43,41,10000],[19,423,43,193,10000],[19,423,43,201,10000],[19,423,43,191,10000],[19,423,43,179,10000],[19,415,43,329,10000],[19,415,43,337,10000],[19,415,43,321,10000],[19,425,43,329,10000],[19,425,43,337,10000],[19,425,43,321,10000],[19,427,43,43,10000],[19,427,43,11,10000],[19,427,43,13,10000],[19,427,43,29,10000],[19,427,43,31,10000],[19,427,43,41,10000],[19,437,43,297,10000],[19,437,43,305,10000],[19,437,43,281,10000],[19,429,43,297,10000],[19,429,43,305,10000],[19,429,43,281,10000],[19,439,43,219,10000],[19,439,43,243,10000],[19,439,43,235,10000],[19,417,43,43,10000],[19,417,43,11,10000],[19,417,43,13,10000],[19,417,43,29,10000],[19,417,43,31,10000],[19,417,43,41,10000],[19,431,43,219,10000],[19,431,43,243,10000],[19,431,43,235,10000],[19,419,43,297,10000],[19,419,43,305,10000],[19,419,43,281,10000],[19,441,43,193,10000],[19,441,43,201,10000],[19,441,43,191,10000],[19,441,43,179,10000],[19,433,43,193,10000],[19,433,43,201,10000],[19,433,43,191,10000],[19,433,43,179,10000],[19,421,43,219,10000],[19,421,43,243,10000],[19,421,43,235,10000],[20,436,24,43,10000],[20,436,24,11,10000],[20,436,24,13,10000],[20,436,24,29,10000],[20,436,24,31,10000],[20,436,24,41,10000],[20,424,24,193,10000],[20,424,24,201,10000],[20,424,24,191,10000],[20,424,24,179,10000],[20,434,24,193,10000],[20,434,24,201,10000],[20,434,24,191,10000],[20,434,24,179,10000],[20,438,24,297,10000],[20,438,24,305,10000],[20,438,24,281,10000],[20,416,24,329,10000],[20,416,24,337,10000],[20,416,24,321,10000],[20,426,24,329,10000],[20,426,24,337,10000],[20,426,24,321,10000],[20,440,24,219,10000],[20,440,24,243,10000],[20,440,24,235,10000],[20,418,24,43,10000],[20,418,24,11,10000],[20,418,24,13,10000],[20,418,24,29,10000],[20,418,24,31,10000],[20,418,24,41,10000],[20,0,24,43,10000],[20,0,24,11,10000],[20,0,24,13,10000],[20,0,24,29,10000],[20,0,24,31,10000],[20,0,24,41,10000],[20,428,24,43,10000],[20,428,24,11,10000],[20,428,24,13,10000],[20,428,24,29,10000],[20,428,24,31,10000],[20,428,24,41,10000],[20,420,24,297,10000],[20,420,24,305,10000],[20,420,24,281,10000],[20,442,24,193,10000],[20,442,24,201,10000],[20,442,24,191,10000],[20,442,24,179,10000],[20,430,24,297,10000],[20,430,24,305,10000],[20,430,24,281,10000],[20,312,24,329,10000],[20,312,24,337,10000],[20,312,24,321,10000],[20,422,24,219,10000],[20,422,24,243,10000],[20,422,24,235,10000],[20,432,24,219,10000],[20,432,24,243,10000],[20,432,24,235,10000],[22,44,24,193,90],[22,44,24,263,90],[22,44,24,163,90],[22,44,24,219,90],[22,44,24,138,90],[22,44,24,297,90],[22,44,24,110,90],[22,44,24,60,90],[22,44,24,201,90],[22,44,24,271,90],[22,44,24,169,90],[22,44,24,329,90],[22,44,24,370,90],[22,44,24,64,90],[22,44,24,116,90],[22,44,24,255,90],[22,44,24,243,90],[22,44,24,337,90],[22,44,24,191,90],[22,44,24,88,90],[22,44,24,74,90],[22,44,24,235,90],[22,44,24,144,90],[22,44,24,179,90],[22,44,24,374,90],[22,44,24,305,90],[22,44,24,321,90],[22,44,24,92,90],[22,44,24,78,90],[22,44,24,281,90],[22,65,24,43,90],[22,65,24,193,90],[22,65,24,263,90],[22,65,24,163,90],[22,65,24,11,90],[22,65,24,219,90],[22,65,24,138,90],[22,65,24,297,90],[22,65,24,110,90],[22,65,24,13,90],[22,65,24,29,90],[22,65,24,201,90],[22,65,24,271,90],[22,65,24,169,90],[22,65,24,31,90],[22,65,24,329,90],[22,65,24,370,90],[22,65,24,116,90],[22,65,24,255,90],[22,65,24,243,90],[22,65,24,337,90],[22,65,24,191,90],[22,65,24,88,90],[22,65,24,74,90],[22,65,24,235,90],[22,65,24,41,90],[22,65,24,144,90],[22,65,24,179,90],[22,65,24,374,90],[22,65,24,305,90],[22,65,24,321,90],[22,65,24,92,90],[22,65,24,78,90],[22,65,24,281,90],[22,117,24,43,90],[22,117,24,193,90],[22,117,24,263,90],[22,117,24,163,90],[22,117,24,11,90],[22,117,24,219,90],[22,117,24,138,90],[22,117,24,297,90],[22,117,24,60,90],[22,117,24,13,90],[22,117,24,29,90],[22,117,24,201,90],[22,117,24,271,90],[22,117,24,169,90],[22,117,24,31,90],[22,117,24,329,90],[22,117,24,370,90],[22,117,24,64,90],[22,117,24,255,90],[22,117,24,243,90],[22,117,24,337,90],[22,117,24,191,90],[22,117,24,88,90],[22,117,24,74,90],[22,117,24,235,90],[22,117,24,41,90],[22,117,24,144,90],[22,117,24,179,90],[22,117,24,374,90],[22,117,24,305,90],[22,117,24,321,90],[22,117,24,92,90],[22,117,24,78,90],[22,117,24,281,90],[22,46,24,193,90],[22,46,24,263,90],[22,46,24,163,90],[22,46,24,219,90],[22,46,24,138,90],[22,46,24,297,90],[22,46,24,110,90],[22,46,24,60,90],[22,46,24,201,90],[22,46,24,271,90],[22,46,24,169,90],[22,46,24,329,90],[22,46,24,370,90],[22,46,24,64,90],[22,46,24,116,90],[22,46,24,255,90],[22,46,24,243,90],[22,46,24,337,90],[22,46,24,191,90],[22,46,24,88,90],[22,46,24,74,90],[22,46,24,235,90],[22,46,24,144,90],[22,46,24,179,90],[22,46,24,374,90],[22,46,24,305,90],[22,46,24,321,90],[22,46,24,92,90],[22,46,24,78,90],[22,46,24,281,90],[22,244,24,43,90],[22,244,24,193,90],[22,244,24,263,90],[22,244,24,163,90],[22,244,24,11,90],[22,244,24,138,90],[22,244,24,297,90],[22,244,24,110,90],[22,244,24,60,90],[22,244,24,13,90],[22,244,24,29,90],[22,244,24,201,90],[22,244,24,271,90],[22,244,24,169,90],[22,244,24,31,90],[22,244,24,329,90],[22,244,24,370,90],[22,244,24,64,90],[22,244,24,116,90],[22,244,24,255,90],[22,244,24,337,90],[22,244,24,191,90],[22,244,24,88,90],[22,244,24,74,90],[22,244,24,41,90],[22,244,24,144,90],[22,244,24,179,90],[22,244,24,374,90],[22,244,24,305,90],[22,244,24,321,90],[22,244,24,92,90],[22,244,24,78,90],[22,244,24,281,90],[22,371,24,43,90],[22,371,24,193,90],[22,371,24,263,90],[22,371,24,163,90],[22,371,24,11,90],[22,371,24,219,90],[22,371,24,138,90],[22,371,24,297,90],[22,371,24,110,90],[22,371,24,60,90],[22,371,24,13,90],[22,371,24,29,90],[22,371,24,201,90],[22,371,24,271,90],[22,371,24,169,90],[22,371,24,31,90],[22,371,24,329,90],[22,371,24,64,90],[22,371,24,116,90],[22,371,24,255,90],[22,371,24,243,90],[22,371,24,337,90],[22,371,24,191,90],[22,371,24,88,90],[22,371,24,74,90],[22,371,24,235,90],[22,371,24,41,90],[22,371,24,144,90],[22,371,24,179,90],[22,371,24,305,90],[22,371,24,321,90],[22,371,24,92,90],[22,371,24,78,90],[22,371,24,281,90],[22,220,24,43,90],[22,220,24,263,90],[22,220,24,11,90],[22,220,24,297,90],[22,220,24,13,90],[22,220,24,29,90],[22,220,24,201,90],[22,220,24,271,90],[22,220,24,169,90],[22,220,24,31,90],[22,220,24,329,90],[22,220,24,370,90],[22,220,24,64,90],[22,220,24,116,90],[22,220,24,255,90],[22,220,24,337,90],[22,220,24,191,90],[22,220,24,41,90],[22,220,24,144,90],[22,220,24,179,90],[22,220,24,305,90],[22,220,24,321,90],[22,220,24,92,90],[22,220,24,78,90],[22,220,24,281,90],[22,14,24,263,90],[22,14,24,219,90],[22,14,24,201,90],[22,14,24,271,90],[22,14,24,169,90],[22,14,24,329,90],[22,14,24,370,90],[22,14,24,64,90],[22,14,24,116,90],[22,14,24,255,90],[22,14,24,243,90],[22,14,24,337,90],[22,14,24,144,90],[22,14,24,179,90],[22,14,24,305,90],[22,14,24,321,90],[22,14,24,92,90],[22,14,24,78,90],[22,14,24,281,90],[22,16,24,263,90],[22,16,24,219,90],[22,16,24,297,90],[22,16,24,201,90],[22,16,24,271,90],[22,16,24,169,90],[22,16,24,329,90],[22,16,24,370,90],[22,16,24,64,90],[22,16,24,116,90],[22,16,24,255,90],[22,16,24,243,90],[22,16,24,337,90],[22,16,24,191,90],[22,16,24,235,90],[22,16,24,144,90],[22,16,24,179,90],[22,16,24,305,90],[22,16,24,321,90],[22,16,24,92,90],[22,16,24,78,90],[22,16,24,281,90],[22,202,24,43,90],[22,202,24,263,90],[22,202,24,163,90],[22,202,24,11,90],[22,202,24,219,90],[22,202,24,138,90],[22,202,24,297,90],[22,202,24,110,90],[22,202,24,60,90],[22,202,24,13,90],[22,202,24,29,90],[22,202,24,271,90],[22,202,24,169,90],[22,202,24,31,90],[22,202,24,329,90],[22,202,24,370,90],[22,202,24,64,90],[22,202,24,116,90],[22,202,24,255,90],[22,202,24,243,90],[22,202,24,337,90],[22,202,24,88,90],[22,202,24,74,90],[22,202,24,235,90],[22,202,24,41,90],[22,202,24,144,90],[22,202,24,374,90],[22,202,24,305,90],[22,202,24,321,90],[22,202,24,92,90],[22,202,24,78,90],[22,202,24,281,90],[22,338,24,43,90],[22,338,24,193,90],[22,338,24,263,90],[22,338,24,163,90],[22,338,24,11,90],[22,338,24,219,90],[22,338,24,138,90],[22,338,24,297,90],[22,338,24,110,90],[22,338,24,60,90],[22,338,24,13,90],[22,338,24,29,90],[22,338,24,201,90],[22,338,24,271,90],[22,338,24,169,90],[22,338,24,31,90],[22,338,24,370,90],[22,338,24,64,90],[22,338,24,116,90],[22,338,24,255,90],[22,338,24,243,90],[22,338,24,191,90],[22,338,24,88,90],[22,338,24,74,90],[22,338,24,235,90],[22,338,24,41,90],[22,338,24,144,90],[22,338,24,179,90],[22,338,24,374,90],[22,338,24,305,90],[22,338,24,92,90],[22,338,24,78,90],[22,338,24,281,90],[22,93,24,43,90],[22,93,24,193,90],[22,93,24,263,90],[22,93,24,163,90],[22,93,24,11,90],[22,93,24,219,90],[22,93,24,138,90],[22,93,24,297,90],[22,93,24,110,90],[22,93,24,60,90],[22,93,24,13,90],[22,93,24,29,90],[22,93,24,201,90],[22,93,24,271,90],[22,93,24,169,90],[22,93,24,31,90],[22,93,24,329,90],[22,93,24,370,90],[22,93,24,64,90],[22,93,24,116,90],[22,93,24,255,90],[22,93,24,243,90],[22,93,24,337,90],[22,93,24,191,90],[22,93,24,74,90],[22,93,24,235,90],[22,93,24,41,90],[22,93,24,144,90],[22,93,24,179,90],[22,93,24,374,90],[22,93,24,305,90],[22,93,24,321,90],[22,93,24,78,90],[22,93,24,281,90],[22,79,24,43,90],[22,79,24,193,90],[22,79,24,263,90],[22,79,24,163,90],[22,79,24,11,90],[22,79,24,219,90],[22,79,24,138,90],[22,79,24,297,90],[22,79,24,110,90],[22,79,24,60,90],[22,79,24,13,90],[22,79,24,29,90],[22,79,24,201,90],[22,79,24,271,90],[22,79,24,169,90],[22,79,24,31,90],[22,79,24,329,90],[22,79,24,370,90],[22,79,24,64,90],[22,79,24,116,90],[22,79,24,255,90],[22,79,24,243,90],[22,79,24,337,90],[22,79,24,191,90],[22,79,24,88,90],[22,79,24,235,90],[22,79,24,41,90],[22,79,24,144,90],[22,79,24,179,90],[22,79,24,374,90],[22,79,24,305,90],[22,79,24,321,90],[22,79,24,92,90],[22,79,24,281,90],[22,170,24,43,90],[22,170,24,193,90],[22,170,24,263,90],[22,170,24,11,90],[22,170,24,219,90],[22,170,24,138,90],[22,170,24,297,90],[22,170,24,110,90],[22,170,24,60,90],[22,170,24,13,90],[22,170,24,29,90],[22,170,24,201,90],[22,170,24,271,90],[22,170,24,31,90],[22,170,24,329,90],[22,170,24,370,90],[22,170,24,64,90],[22,170,24,116,90],[22,170,24,255,90],[22,170,24,243,90],[22,170,24,337,90],[22,170,24,191,90],[22,170,24,88,90],[22,170,24,74,90],[22,170,24,235,90],[22,170,24,41,90],[22,170,24,144,90],[22,170,24,179,90],[22,170,24,374,90],[22,170,24,305,90],[22,170,24,321,90],[22,170,24,92,90],[22,170,24,78,90],[22,170,24,281,90],[22,282,24,43,90],[22,282,24,263,90],[22,282,24,11,90],[22,282,24,219,90],[22,282,24,13,90],[22,282,24,29,90],[22,282,24,201,90],[22,282,24,271,90],[22,282,24,169,90],[22,282,24,31,90],[22,282,24,329,90],[22,282,24,370,90],[22,282,24,64,90],[22,282,24,116,90],[22,282,24,255,90],[22,282,24,243,90],[22,282,24,337,90],[22,282,24,191,90],[22,282,24,235,90],[22,282,24,41,90],[22,282,24,144,90],[22,282,24,179,90],[22,282,24,321,90],[22,282,24,92,90],[22,282,24,78,90],[22,145,24,43,90],[22,145,24,193,90],[22,145,24,263,90],[22,145,24,163,90],[22,145,24,11,90],[22,145,24,219,90],[22,145,24,297,90],[22,145,24,110,90],[22,145,24,60,90],[22,145,24,13,90],[22,145,24,29,90],[22,145,24,201,90],[22,145,24,271,90],[22,145,24,169,90],[22,145,24,31,90],[22,145,24,329,90],[22,145,24,370,90],[22,145,24,64,90],[22,145,24,116,90],[22,145,24,255,90],[22,145,24,243,90],[22,145,24,337,90],[22,145,24,191,90],[22,145,24,88,90],[22,145,24,74,90],[22,145,24,235,90],[22,145,24,41,90],[22,145,24,179,90],[22,145,24,374,90],[22,145,24,305,90],[22,145,24,321,90],[22,145,24,92,90],[22,145,24,78,90],[22,145,24,281,90],[22,180,24,43,90],[22,180,24,263,90],[22,180,24,11,90],[22,180,24,219,90],[22,180,24,297,90],[22,180,24,13,90],[22,180,24,29,90],[22,180,24,271,90],[22,180,24,169,90],[22,180,24,31,90],[22,180,24,329,90],[22,180,24,370,90],[22,180,24,64,90],[22,180,24,116,90],[22,180,24,255,90],[22,180,24,243,90],[22,180,24,337,90],[22,180,24,235,90],[22,180,24,41,90],[22,180,24,144,90],[22,180,24,305,90],[22,180,24,321,90],[22,180,24,92,90],[22,180,24,78,90],[22,180,24,281,90],[22,306,24,43,90],[22,306,24,193,90],[22,306,24,263,90],[22,306,24,163,90],[22,306,24,11,90],[22,306,24,219,90],[22,306,24,138,90],[22,306,24,110,90],[22,306,24,60,90],[22,306,24,13,90],[22,306,24,29,90],[22,306,24,201,90],[22,306,24,271,90],[22,306,24,169,90],[22,306,24,31,90],[22,306,24,329,90],[22,306,24,370,90],[22,306,24,64,90],[22,306,24,116,90],[22,306,24,255,90],[22,306,24,243,90],[22,306,24,337,90],[22,306,24,191,90],[22,306,24,88,90],[22,306,24,74,90],[22,306,24,235,90],[22,306,24,41,90],[22,306,24,144,90],[22,306,24,179,90],[22,306,24,374,90],[22,306,24,321,90],[22,306,24,92,90],[22,306,24,78,90],[22,322,24,43,90],[22,322,24,263,90],[22,322,24,11,90],[22,322,24,219,90],[22,322,24,13,90],[22,322,24,201,90],[22,322,24,271,90],[22,322,24,169,90],[22,322,24,31,90],[22,322,24,370,90],[22,322,24,64,90],[22,322,24,116,90],[22,322,24,255,90],[22,322,24,243,90],[22,322,24,41,90],[22,322,24,144,90],[22,322,24,179,90],[22,322,24,305,90],[22,322,24,92,90],[22,322,24,78,90],[22,322,24,281,90],[23,129,24,138,10000],[23,129,24,144,10000],[23,290,24,297,10000],[23,290,24,305,10000],[23,290,24,281,10000],[23,67,24,74,10000],[23,67,24,78,10000],[23,53,24,60,10000],[23,53,24,64,10000],[23,101,24,110,10000],[23,101,24,116,10000],[23,184,24,193,10000],[23,184,24,201,10000],[23,184,24,191,10000],[23,184,24,179,10000],[23,81,24,88,10000],[23,81,24,92,10000],[23,228,24,219,10000],[23,228,24,243,10000],[23,228,24,235,10000],[23,23,24,43,10000],[23,23,24,11,10000],[23,23,24,13,10000],[23,23,24,29,10000],[23,23,24,31,10000],[23,23,24,41,10000],[23,153,24,163,10000],[23,153,24,169,10000],[23,361,24,370,10000],[23,361,24,374,10000],[23,2,24,43,10000],[23,2,24,11,10000],[23,2,24,13,10000],[23,2,24,29,10000],[23,2,24,31,10000],[23,2,24,41,10000],[23,314,24,329,10000],[23,314,24,337,10000],[23,314,24,321,10000],[33,44,36,26,10000],[33,44,36,5,10000],[33,65,36,57,10000],[33,117,36,105,10000],[33,46,36,26,10000],[33,46,36,5,10000],[33,244,36,232,10000],[33,371,36,365,10000],[33,220,36,232,10000],[33,14,36,26,10000],[33,14,36,5,10000],[33,16,36,26,10000],[33,16,36,5,10000],[33,202,36,188,10000],[33,93,36,85,10000],[33,79,36,71,10000],[33,170,36,157,10000],[33,170,36,158,10000],[33,282,36,294,10000],[33,145,36,133,10000],[33,180,36,188,10000],[33,306,36,294,10000],[33,44,43,43,10000],[33,44,43,11,10000],[33,44,43,13,10000],[33,44,43,29,10000],[33,44,43,31,10000],[33,44,43,41,10000],[33,65,43,60,10000],[33,65,43,64,10000],[33,117,43,110,10000],[33,117,43,116,10000],[33,46,43,43,10000],[33,46,43,11,10000],[33,46,43,13,10000],[33,46,43,29,10000],[33,46,43,31,10000],[33,46,43,41,10000],[33,244,43,219,10000],[33,244,43,243,10000],[33,244,43,235,10000],[33,371,43,370,10000],[33,371,43,374,10000],[33,220,43,219,10000],[33,220,43,243,10000],[33,220,43,235,10000],[33,14,43,43,10000],[33,14,43,11,10000],[33,14,43,13,10000],[33,14,43,29,10000],[33,14,43,31,10000],[33,14,43,41,10000],[33,16,43,43,10000],[33,16,43,11,10000],[33,16,43,13,10000],[33,16,43,29,10000],[33,16,43,31,10000],[33,16,43,41,10000],[33,202,43,193,10000],[33,202,43,201,10000],[33,202,43,191,10000],[33,202,43,179,10000],[33,338,43,329,10000],[33,338,43,337,10000],[33,338,43,321,10000],[33,93,43,88,10000],[33,93,43,92,10000],[33,79,43,74,10000],[33,79,43,78,10000],[33,170,43,163,10000],[33,170,43,169,10000],[33,282,43,297,10000],[33,282,43,305,10000],[33,282,43,281,10000],[33,145,43,138,10000],[33,145,43,144,10000],[33,180,43,193,10000],[33,180,43,201,10000],[33,180,43,191,10000],[33,180,43,179,10000],[33,306,43,297,10000],[33,306,43,305,10000],[33,306,43,281,10000],[33,322,43,329,10000],[33,322,43,337,10000],[33,322,43,321,10000],[36,188,43,193,10000],[36,188,43,201,10000],[36,188,43,191,10000],[36,188,43,179,10000],[36,57,43,60,10000],[36,57,43,64,10000],[36,26,43,43,10000],[36,26,43,11,10000],[36,26,43,13,10000],[36,26,43,29,10000],[36,26,43,31,10000],[36,26,43,41,10000],[36,157,43,163,10000],[36,157,43,169,10000],[36,5,43,43,10000],[36,5,43,11,10000],[36,5,43,13,10000],[36,5,43,29,10000],[36,5,43,31,10000],[36,5,43,41,10000],[36,365,43,370,10000],[36,365,43,374,10000],[36,158,43,163,10000],[36,158,43,169,10000],[36,133,43,138,10000],[36,133,43,144,10000],[36,294,43,297,10000],[36,294,43,305,10000],[36,294,43,281,10000],[36,85,43,88,10000],[36,85,43,92,10000],[36,71,43,74,10000],[36,71,43,78,10000],[36,232,43,219,10000],[36,232,43,243,10000],[36,232,43,235,10000],[36,105,43,110,10000],[36,105,43,116,10000],[37,132,39,132,10000],[37,293,39,293,10000],[37,364,39,364,10000],[37,104,39,104,10000],[37,187,39,187,10000],[37,84,39,84,10000],[37,70,39,70,10000],[37,56,39,56,10000],[37,231,39,231,10000],[37,24,39,24,10000],[37,24,39,3,10000],[37,156,39,156,10000],[37,3,39,24,10000],[37,3,39,3,10000],[37,315,39,315,10000],[37,293,41,438,10000],[37,293,41,420,10000],[37,293,41,430,10000],[37,187,41,424,10000],[37,187,41,434,10000],[37,187,41,442,10000],[37,231,41,440,10000],[37,231,41,422,10000],[37,231,41,432,10000],[37,24,41,436,10000],[37,24,41,418,10000],[37,24,41,0,10000],[37,24,41,428,10000],[37,3,41,436,10000],[37,3,41,418,10000],[37,3,41,0,10000],[37,3,41,428,10000],[37,293,42,437,10000],[37,293,42,429,10000],[37,293,42,419,10000],[37,187,42,423,10000],[37,187,42,441,10000],[37,187,42,433,10000],[37,231,42,439,10000],[37,231,42,431,10000],[37,231,42,421,10000],[37,24,42,435,10000],[37,24,42,427,10000],[37,24,42,417,10000],[37,3,42,435,10000],[37,3,42,427,10000],[37,3,42,417,10000],[37,315,42,415,10000],[37,315,42,425,10000],[37,132,43,138,10000],[37,132,43,144,10000],[37,293,43,297,10000],[37,293,43,305,10000],[37,293,43,281,10000],[37,364,43,370,10000],[37,364,43,374,10000],[37,104,43,110,10000],[37,104,43,116,10000],[37,187,43,193,10000],[37,187,43,201,10000],[37,187,43,191,10000],[37,187,43,179,10000],[37,84,43,88,10000],[37,84,43,92,10000],[37,70,43,74,10000],[37,70,43,78,10000],[37,56,43,60,10000],[37,56,43,64,10000],[37,231,43,219,10000],[37,231,43,243,10000],[37,231,43,235,10000],[37,24,43,43,10000],[37,24,43,11,10000],[37,24,43,13,10000],[37,24,43,29,10000],[37,24,43,31,10000],[37,24,43,41,10000],[37,156,43,163,10000],[37,156,43,169,10000],[37,3,43,43,10000],[37,3,43,11,10000],[37,3,43,13,10000],[37,3,43,29,10000],[37,3,43,31,10000],[37,3,43,41,10000],[37,315,43,329,10000],[37,315,43,337,10000],[37,315,43,321,10000],[37,132,46,145,10000],[37,293,46,282,10000],[37,293,46,306,10000],[37,364,46,371,10000],[37,104,46,117,10000],[37,187,46,202,10000],[37,187,46,180,10000],[37,84,46,93,10000],[37,70,46,79,10000],[37,56,46,65,10000],[37,231,46,244,10000],[37,231,46,220,10000],[37,24,46,44,10000],[37,24,46,46,10000],[37,24,46,14,10000],[37,24,46,16,10000],[37,156,46,170,10000],[37,3,46,44,10000],[37,3,46,46,10000],[37,3,46,14,10000],[37,3,46,16,10000],[37,315,46,338,10000],[37,315,46,322,10000],[37,132,48,347,10000],[37,293,48,284,10000],[37,293,48,298,10000],[37,293,48,308,10000],[37,293,48,359,10000],[37,104,48,345,10000],[37,187,48,194,10000],[37,187,48,351,10000],[37,187,48,353,10000],[37,187,48,204,10000],[37,187,48,210,10000],[37,231,48,222,10000],[37,231,48,248,10000],[37,231,48,355,10000],[37,231,48,236,10000],[37,24,48,48,10000],[37,24,48,32,10000],[37,24,48,18,10000],[37,24,48,52,10000],[37,156,48,349,10000],[37,3,48,48,10000],[37,3,48,32,10000],[37,3,48,18,10000],[37,3,48,52,10000],[37,315,48,330,10000],[37,315,48,324,10000],[37,315,48,344,10000],[37,315,48,340,10000],[37,132,50,129,10000],[37,293,50,290,10000],[37,364,50,361,10000],[37,104,50,101,10000],[37,187,50,184,10000],[37,84,50,81,10000],[37,70,50,67,10000],[37,56,50,53,10000],[37,231,50,228,10000],[37,24,50,23,10000],[37,24,50,2,10000],[37,156,50,153,10000],[37,3,50,23,10000],[37,3,50,2,10000],[37,315,50,314,10000],[37,132,54,145,10000],[37,293,54,282,10000],[37,293,54,306,10000],[37,364,54,371,10000],[37,104,54,117,10000],[37,187,54,202,10000],[37,187,54,180,10000],[37,84,54,93,10000],[37,70,54,79,10000],[37,56,54,65,10000],[37,231,54,244,10000],[37,231,54,220,10000],[37,24,54,44,10000],[37,24,54,46,10000],[37,24,54,14,10000],[37,24,54,16,10000],[37,156,54,170,10000],[37,3,54,44,10000],[37,3,54,46,10000],[37,3,54,14,10000],[37,3,54,16,10000],[37,315,54,338,10000],[37,315,54,322,10000],[37,132,56,138,10000],[37,132,56,144,10000],[37,293,56,297,10000],[37,293,56,305,10000],[37,293,56,281,10000],[37,364,56,370,10000],[37,364,56,374,10000],[37,104,56,110,10000],[37,104,56,116,10000],[37,187,56,193,10000],[37,187,56,201,10000],[37,187,56,191,10000],[37,187,56,179,10000],[37,84,56,88,10000],[37,84,56,92,10000],[37,70,56,74,10000],[37,70,56,78,10000],[37,56,56,60,10000],[37,56,56,64,10000],[37,231,56,219,10000],[37,231,56,243,10000],[37,231,56,235,10000],[37,24,56,43,10000],[37,24,56,11,10000],[37,24,56,13,10000],[37,24,56,29,10000],[37,24,56,31,10000],[37,24,56,41,10000],[37,156,56,163,10000],[37,156,56,169,10000],[37,3,56,43,10000],[37,3,56,11,10000],[37,3,56,13,10000],[37,3,56,29,10000],[37,3,56,31,10000],[37,3,56,41,10000],[37,315,56,329,10000],[37,315,56,337,10000],[37,315,56,321,10000],[39,293,41,438,10000],[39,293,41,420,10000],[39,293,41,430,10000],[39,187,41,424,10000],[39,187,41,434,10000],[39,187,41,442,10000],[39,231,41,440,10000],[39,231,41,422,10000],[39,231,41,432,10000],[39,24,41,436,10000],[39,24,41,418,10000],[39,24,41,0,10000],[39,24,41,428,10000],[39,3,41,436,10000],[39,3,41,418,10000],[39,3,41,0,10000],[39,3,41,428,10000],[39,132,43,138,10000],[39,132,43,144,10000],[39,293,43,297,10000],[39,293,43,305,10000],[39,293,43,281,10000],[39,364,43,370,10000],[39,364,43,374,10000],[39,104,43,110,10000],[39,104,43,116,10000],[39,187,43,193,10000],[39,187,43,201,10000],[39,187,43,191,10000],[39,187,43,179,10000],[39,84,43,88,10000],[39,84,43,92,10000],[39,70,43,74,10000],[39,70,43,78,10000],[39,56,43,60,10000],[39,56,43,64,10000],[39,231,43,219,10000],[39,231,43,243,10000],[39,231,43,235,10000],[39,24,43,43,10000],[39,24,43,11,10000],[39,24,43,13,10000],[39,24,43,29,10000],[39,24,43,31,10000],[39,24,43,41,10000],[39,156,43,163,10000],[39,156,43,169,10000],[39,3,43,43,10000],[39,3,43,11,10000],[39,3,43,13,10000],[39,3,43,29,10000],[39,3,43,31,10000],[39,3,43,41,10000],[39,315,43,329,10000],[39,315,43,337,10000],[39,315,43,321,10000],[40,203,42,423,1500],[40,203,42,441,1500],[40,203,42,433,1500],[40,283,42,437,1500],[40,283,42,429,1500],[40,283,42,419,1500],[40,245,42,439,1500],[40,245,42,431,1500],[40,245,42,421,1500],[40,45,42,435,1500],[40,45,42,427,1500],[40,45,42,417,1500],[40,307,42,437,1500],[40,307,42,429,1500],[40,307,42,419,1500],[40,221,42,439,1500],[40,221,42,431,1500],[40,221,42,421,1500],[40,47,42,435,1500],[40,47,42,427,1500],[40,47,42,417,1500],[40,339,42,415,1500],[40,339,42,425,1500],[40,15,42,435,1500],[40,15,42,427,1500],[40,15,42,417,1500],[40,181,42,423,1500],[40,181,42,441,1500],[40,181,42,433,1500],[40,17,42,435,1500],[40,17,42,427,1500],[40,17,42,417,1500],[40,323,42,415,1500],[40,323,42,425,1500],[41,436,42,435,1500],[41,436,42,427,1500],[41,436,42,417,1500],[41,424,42,423,1500],[41,424,42,441,1500],[41,424,42,433,1500],[41,434,42,423,1500],[41,434,42,441,1500],[41,434,42,433,1500],[41,438,42,437,1500],[41,438,42,429,1500],[41,438,42,419,1500],[41,440,42,439,1500],[41,440,42,431,1500],[41,440,42,421,1500],[41,418,42,435,1500],[41,418,42,427,1500],[41,418,42,417,1500],[41,0,42,435,1500],[41,0,42,427,1500],[41,0,42,417,1500],[41,428,42,435,1500],[41,428,42,427,1500],[41,428,42,417,1500],[41,420,42,437,1500],[41,420,42,429,1500],[41,420,42,419,1500],[41,442,42,423,1500],[41,442,42,441,1500],[41,442,42,433,1500],[41,430,42,437,1500],[41,430,42,429,1500],[41,430,42,419,1500],[41,422,42,439,1500],[41,422,42,431,1500],[41,422,42,421,1500],[41,432,42,439,1500],[41,432,42,431,1500],[41,432,42,421,1500],[41,436,43,43,10000],[41,436,43,11,10000],[41,436,43,13,10000],[41,436,43,29,10000],[41,436,43,31,10000],[41,436,43,41,10000],[41,424,43,193,10000],[41,424,43,201,10000],[41,424,43,191,10000],[41,424,43,179,10000],[41,434,43,193,10000],[41,434,43,201,10000],[41,434,43,191,10000],[41,434,43,179,10000],[41,438,43,297,10000],[41,438,43,305,10000],[41,438,43,281,10000],[41,440,43,219,10000],[41,440,43,243,10000],[41,440,43,235,10000],[41,418,43,43,10000],[41,418,43,11,10000],[41,418,43,13,10000],[41,418,43,29,10000],[41,418,43,31,10000],[41,418,43,41,10000],[41,0,43,43,10000],[41,0,43,11,10000],[41,0,43,13,10000],[41,0,43,29,10000],[41,0,43,31,10000],[41,0,43,41,10000],[41,428,43,43,10000],[41,428,43,11,10000],[41,428,43,13,10000],[41,428,43,29,10000],[41,428,43,31,10000],[41,428,43,41,10000],[41,420,43,297,10000],[41,420,43,305,10000],[41,420,43,281,10000],[41,442,43,193,10000],[41,442,43,201,10000],[41,442,43,191,10000],[41,442,43,179,10000],[41,430,43,297,10000],[41,430,43,305,10000],[41,430,43,281,10000],[41,422,43,219,10000],[41,422,43,243,10000],[41,422,43,235,10000],[41,432,43,219,10000],[41,432,43,243,10000],[41,432,43,235,10000],[42,435,43,43,10000],[42,435,43,11,10000],[42,435,43,13,10000],[42,435,43,29,10000],[42,435,43,31,10000],[42,435,43,41,10000],[42,423,43,193,10000],[42,423,43,201,10000],[42,423,43,191,10000],[42,423,43,179,10000],[42,415,43,329,10000],[42,415,43,337,10000],[42,415,43,321,10000],[42,425,43,329,10000],[42,425,43,337,10000],[42,425,43,321,10000],[42,427,43,43,10000],[42,427,43,11,10000],[42,427,43,13,10000],[42,427,43,29,10000],[42,427,43,31,10000],[42,427,43,41,10000],[42,437,43,297,10000],[42,437,43,305,10000],[42,437,43,281,10000],[42,429,43,297,10000],[42,429,43,305,10000],[42,429,43,281,10000],[42,439,43,219,10000],[42,439,43,243,10000],[42,439,43,235,10000],[42,417,43,43,10000],[42,417,43,11,10000],[42,417,43,13,10000],[42,417,43,29,10000],[42,417,43,31,10000],[42,417,43,41,10000],[42,431,43,219,10000],[42,431,43,243,10000],[42,431,43,235,10000],[42,419,43,297,10000],[42,419,43,305,10000],[42,419,43,281,10000],[42,441,43,193,10000],[42,441,43,201,10000],[42,441,43,191,10000],[42,441,43,179,10000],[42,433,43,193,10000],[42,433,43,201,10000],[42,433,43,191,10000],[42,433,43,179,10000],[42,421,43,219,10000],[42,421,43,243,10000],[42,421,43,235,10000],[48,194,50,184,10000],[48,345,50,101,10000],[48,284,50,290,10000],[48,298,50,290,10000],[48,222,50,228,10000],[48,347,50,129,10000],[48,48,50,23,10000],[48,48,50,2,10000],[48,349,50,153,10000],[48,248,50,228,10000],[48,330,50,314,10000],[48,32,50,23,10000],[48,32,50,2,10000],[48,18,50,23,10000],[48,18,50,2,10000],[48,351,50,184,10000],[48,353,50,184,10000],[48,52,50,23,10000],[48,52,50,2,10000],[48,204,50,184,10000],[48,355,50,228,10000],[48,324,50,314,10000],[48,344,50,314,10000],[48,308,50,290,10000],[48,236,50,228,10000],[48,210,50,184,10000],[48,359,50,290,10000],[48,340,50,314,10000],[54,44,56,43,10000],[54,44,56,11,10000],[54,44,56,13,10000],[54,44,56,29,10000],[54,44,56,31,10000],[54,44,56,41,10000],[54,65,56,60,10000],[54,65,56,64,10000],[54,117,56,110,10000],[54,117,56,116,10000],[54,46,56,43,10000],[54,46,56,11,10000],[54,46,56,13,10000],[54,46,56,29,10000],[54,46,56,31,10000],[54,46,56,41,10000],[54,244,56,219,10000],[54,244,56,243,10000],[54,244,56,235,10000],[54,371,56,370,10000],[54,371,56,374,10000],[54,220,56,219,10000],[54,220,56,243,10000],[54,220,56,235,10000],[54,14,56,43,10000],[54,14,56,11,10000],[54,14,56,13,10000],[54,14,56,29,10000],[54,14,56,31,10000],[54,14,56,41,10000],[54,16,56,43,10000],[54,16,56,11,10000],[54,16,56,13,10000],[54,16,56,29,10000],[54,16,56,31,10000],[54,16,56,41,10000],[54,202,56,193,10000],[54,202,56,201,10000],[54,202,56,191,10000],[54,202,56,179,10000],[54,338,56,329,10000],[54,338,56,337,10000],[54,338,56,321,10000],[54,93,56,88,10000],[54,93,56,92,10000],[54,79,56,74,10000],[54,79,56,78,10000],[54,170,56,163,10000],[54,170,56,169,10000],[54,282,56,297,10000],[54,282,56,305,10000],[54,282,56,281,10000],[54,145,56,138,10000],[54,145,56,144,10000],[54,180,56,193,10000],[54,180,56,201,10000],[54,180,56,191,10000],[54,180,56,179,10000],[54,306,56,297,10000],[54,306,56,305,10000],[54,306,56,281,10000],[54,322,56,329,10000],[54,322,56,337,10000],[54,322,56,321,10000],[60,132,61,145,10000],[60,293,61,282,10000],[60,293,61,306,10000],[60,364,61,371,10000],[60,104,61,117,10000],[60,187,61,202,10000],[60,187,61,180,10000],[60,84,61,93,10000],[60,70,61,79,10000],[60,56,61,65,10000],[60,231,61,244,10000],[60,231,61,220,10000],[60,24,61,44,10000],[60,24,61,46,10000],[60,24,61,14,10000],[60,24,61,16,10000],[60,156,61,170,10000],[60,3,61,44,10000],[60,3,61,46,10000],[60,3,61,14,10000],[60,3,61,16,10000],[60,315,61,338,10000],[60,315,61,322,10000],[60,132,62,134,10000],[60,293,62,295,10000],[60,364,62,366,10000],[60,104,62,106,10000],[60,187,62,189,10000],[60,84,62,86,10000],[60,70,62,72,10000],[60,56,62,58,10000],[60,231,62,233,10000],[60,24,62,27,10000],[60,156,62,159,10000],[60,3,62,27,10000],[61,44,62,27,10000],[61,65,62,58,10000],[61,117,62,106,10000],[61,46,62,27,10000],[61,244,62,233,10000],[61,371,62,366,10000],[61,220,62,233,10000],[61,14,62,27,10000],[61,16,62,27,10000],[61,202,62,189,10000],[61,93,62,86,10000],[61,79,62,72,10000],[61,170,62,159,10000],[61,282,62,295,10000],[61,145,62,134,10000],[61,180,62,189,10000],[61,306,62,295,10000],[68,129,69,138,10000],[68,129,69,144,10000],[68,290,69,297,10000],[68,290,69,305,10000],[68,290,69,281,10000],[68,67,69,74,10000],[68,67,69,78,10000],[68,53,69,60,10000],[68,53,69,64,10000],[68,101,69,110,10000],[68,101,69,116,10000],[68,184,69,193,10000],[68,184,69,201,10000],[68,184,69,191,10000],[68,184,69,179,10000],[68,81,69,88,10000],[68,81,69,92,10000],[68,228,69,219,10000],[68,228,69,243,10000],[68,228,69,235,10000],[68,23,69,43,10000],[68,23,69,11,10000],[68,23,69,13,10000],[68,23,69,29,10000],[68,23,69,31,10000],[68,23,69,41,10000],[68,153,69,163,10000],[68,153,69,169,10000],[68,361,69,370,10000],[68,361,69,374,10000],[68,2,69,43,10000],[68,2,69,11,10000],[68,2,69,13,10000],[68,2,69,29,10000],[68,2,69,31,10000],[68,2,69,41,10000],[68,314,69,329,10000],[68,314,69,337,10000],[68,314,69,321,10000],[72,132,73,145,10000],[72,293,73,282,10000],[72,293,73,306,10000],[72,104,73,117,10000],[72,187,73,202,10000],[72,187,73,180,10000],[72,231,73,244,10000],[72,231,73,220,10000],[72,24,73,44,10000],[72,24,73,46,10000],[72,24,73,14,10000],[72,24,73,16,10000],[72,156,73,170,10000],[72,315,73,338,10000],[72,315,73,322,10000],[72,3,73,44,10000],[72,3,73,46,10000],[72,3,73,14,10000],[72,3,73,16,10000],[72,293,74,295,10000],[72,187,74,189,10000],[72,231,74,233,10000],[72,24,74,27,10000],[72,3,74,27,10000],[73,44,74,27,10000],[73,46,74,27,10000],[73,244,74,233,10000],[73,220,74,233,10000],[73,14,74,27,10000],[73,16,74,27,10000],[73,202,74,189,10000],[73,282,74,295,10000],[73,180,74,189,10000],[73,306,74,295,10000],[74,27,77,24,10000],[74,27,77,3,10000],[74,189,77,187,10000],[74,295,77,293,10000],[74,233,77,231,10000],[79,436,80,435,4500],[79,436,80,427,4500],[79,436,80,417,4500],[79,424,80,423,4500],[79,424,80,441,4500],[79,424,80,433,4500],[79,434,80,423,4500],[79,434,80,441,4500],[79,434,80,433,4500],[79,438,80,437,4500],[79,438,80,429,4500],[79,438,80,419,4500],[79,440,80,439,4500],[79,440,80,431,4500],[79,440,80,421,4500],[79,418,80,435,4500],[79,418,80,427,4500],[79,418,80,417,4500],[79,0,80,435,4500],[79,0,80,427,4500],[79,0,80,417,4500],[79,428,80,435,4500],[79,428,80,427,4500],[79,428,80,417,4500],[79,420,80,437,4500],[79,420,80,429,4500],[79,420,80,419,4500],[79,442,80,423,4500],[79,442,80,441,4500],[79,442,80,433,4500],[79,430,80,437,4500],[79,430,80,429,4500],[79,430,80,419,4500],[79,422,80,439,4500],[79,422,80,431,4500],[79,422,80,421,4500],[79,432,80,439,4500],[79,432,80,431,4500],[79,432,80,421,4500],[80,435,81,44,10000],[80,435,81,46,10000],[80,435,81,14,10000],[80,435,81,16,10000],[80,423,81,202,10000],[80,423,81,180,10000],[80,415,81,338,10000],[80,415,81,322,10000],[80,425,81,338,10000],[80,425,81,322,10000],[80,427,81,44,10000],[80,427,81,46,10000],[80,427,81,14,10000],[80,427,81,16,10000],[80,437,81,282,10000],[80,437,81,306,10000],[80,429,81,282,10000],[80,429,81,306,10000],[80,439,81,244,10000],[80,439,81,220,10000],[80,417,81,44,10000],[80,417,81,46,10000],[80,417,81,14,10000],[80,417,81,16,10000],[80,431,81,244,10000],[80,431,81,220,10000],[80,419,81,282,10000],[80,419,81,306,10000],[80,441,81,202,10000],[80,441,81,180,10000],[80,433,81,202,10000],[80,433,81,180,10000],[80,421,81,244,10000],[80,421,81,220,10000],[80,435,84,23,10000],[80,435,84,2,10000],[80,423,84,184,10000],[80,415,84,314,10000],[80,425,84,314,10000],[80,427,84,23,10000],[80,427,84,2,10000],[80,437,84,290,10000],[80,429,84,290,10000],[80,439,84,228,10000],[80,417,84,23,10000],[80,417,84,2,10000],[80,431,84,228,10000],[80,419,84,290,10000],[80,441,84,184,10000],[80,433,84,184,10000],[80,421,84,228,10000],[80,435,86,43,10000],[80,435,86,11,10000],[80,435,86,13,10000],[80,435,86,29,10000],[80,435,86,31,10000],[80,435,86,41,10000],[80,423,86,193,10000],[80,423,86,201,10000],[80,423,86,191,10000],[80,423,86,179,10000],[80,415,86,329,10000],[80,415,86,337,10000],[80,415,86,321,10000],[80,425,86,329,10000],[80,425,86,337,10000],[80,425,86,321,10000],[80,427,86,43,10000],[80,427,86,11,10000],[80,427,86,13,10000],[80,427,86,29,10000],[80,427,86,31,10000],[80,427,86,41,10000],[80,437,86,297,10000],[80,437,86,305,10000],[80,437,86,281,10000],[80,429,86,297,10000],[80,429,86,305,10000],[80,429,86,281,10000],[80,439,86,219,10000],[80,439,86,243,10000],[80,439,86,235,10000],[80,417,86,43,10000],[80,417,86,11,10000],[80,417,86,13,10000],[80,417,86,29,10000],[80,417,86,31,10000],[80,417,86,41,10000],[80,431,86,219,10000],[80,431,86,243,10000],[80,431,86,235,10000],[80,419,86,297,10000],[80,419,86,305,10000],[80,419,86,281,10000],[80,441,86,193,10000],[80,441,86,201,10000],[80,441,86,191,10000],[80,441,86,179,10000],[80,433,86,193,10000],[80,433,86,201,10000],[80,433,86,191,10000],[80,433,86,179,10000],[80,421,86,219,10000],[80,421,86,243,10000],[80,421,86,235,10000]]}