{
    "parameters": {
        "buildingCosts": {
            "productionCenter": 800000.0,
            "automationPenalty": 1200000.0,
            "distributionCenter": 60000.0
        },
        "productionCosts": {
            "productionCenter": 18.0,
            "automationBonus": 3.4,
            "distributionCenter": 2.0
        },
        "routingCosts": {
            "primary": 0.0075,
            "secondary": 0.11
        },
        "capacityCost": 1000.0,
        "capacities": {
            "productionCenter": 1250000,
            "automationBonus": 1250000
        }
    },
    "clients": [
        {
            "id": 1,
            "demand": 4455.0,
            "coordinates": [
                42.256325,
                16.28729
            ]
        },
        {
            "id": 2,
            "demand": 27695.0,
            "coordinates": [
                43.44836,
                16.52578
            ]
        },
        {
            "id": 3,
            "demand": 3456.0,
            "coordinates": [
                41.5936175,
                16.61289
            ]
        },
        {
            "id": 4,
            "demand": 17535.0,
            "coordinates": [
                43.891315,
                16.627875
            ]
        },
        {
            "id": 5,
            "demand": 35555.0,
            "coordinates": [
                44.28778,
                16.82671633333333
            ]
        },
        {
            "id": 6,
            "demand": 5678.0,
            "coordinates": [
                41.7033725,
                16.908445399999998
            ]
        },
        {
            "id": 7,
            "demand": 18945.0,
            "coordinates": [
                41.53611,
                16.9783
            ]
        },
        {
            "id": 8,
            "demand": 688.0,
            "coordinates": [
                42.80779,
                17.016260000000003
            ]
        },
        {
            "id": 9,
            "demand": 3264.0,
            "coordinates": [
                41.87211074545456,
                17.0295425
            ]
        },
        {
            "id": 10,
            "demand": 33333.0,
            "coordinates": [
                42.2469,
                17.14401
            ]
        },
        {
            "id": 11,
            "demand": 1704.0,
            "coordinates": [
                42.24144,
                17.14841333333333
            ]
        },
        {
            "id": 12,
            "demand": 5678.0,
            "coordinates": [
                44.85191,
                17.23095
            ]
        },
        {
            "id": 13,
            "demand": 3445.0,
            "coordinates": [
                42.95875,
                17.23507
            ]
        },
        {
            "id": 14,
            "demand": 6657.0,
            "coordinates": [
                41.876673758064534,
                17.2607495
            ]
        },
        {
            "id": 15,
            "demand": 424.0,
            "coordinates": [
                42.186302,
                17.428739999999998
            ]
        },
        {
            "id": 16,
            "demand": 3885.0,
            "coordinates": [
                42.668916,
                17.5263385
            ]
        },
        {
            "id": 17,
            "demand": 224.0,
            "coordinates": [
                40.89261,
                17.539740000000002
            ]
        },
        {
            "id": 18,
            "demand": 38.0,
            "coordinates": [
                43.86379,
                17.543010000000002
            ]
        },
        {
            "id": 19,
            "demand": 352.0,
            "coordinates": [
                42.567015999999995,
                17.54317
            ]
        },
        {
            "id": 20,
            "demand": 1.0,
            "coordinates": [
                41.93176,
                17.558059999999998
            ]
        },
        {
            "id": 21,
            "demand": 255.0,
            "coordinates": [
                41.60293,
                17.587609999999998
            ]
        },
        {
            "id": 22,
            "demand": 5505.0,
            "coordinates": [
                43.023514,
                17.61751
            ]
        },
        {
            "id": 23,
            "demand": 7305.0,
            "coordinates": [
                44.47587,
                17.682855
            ]
        },
        {
            "id": 24,
            "demand": 413.0,
            "coordinates": [
                43.01428,
                17.700200000000002
            ]
        },
        {
            "id": 25,
            "demand": 5974.0,
            "coordinates": [
                43.76547,
                17.76623
            ]
        },
        {
            "id": 26,
            "demand": 10.0,
            "coordinates": [
                43.254729999999995,
                17.89451
            ]
        },
        {
            "id": 27,
            "demand": 726.0,
            "coordinates": [
                44.84465,
                17.97215
            ]
        },
        {
            "id": 28,
            "demand": 1312.0,
            "coordinates": [
                42.07861333333333,
                18.00917
            ]
        },
        {
            "id": 29,
            "demand": 694.0,
            "coordinates": [
                41.367049,
                18.01601
            ]
        },
        {
            "id": 30,
            "demand": 8423.0,
            "coordinates": [
                41.23397033333333,
                18.06815
            ]
        },
        {
            "id": 31,
            "demand": 312.0,
            "coordinates": [
                42.122715,
                18.072518
            ]
        },
        {
            "id": 32,
            "demand": 257.0,
            "coordinates": [
                40.68481,
                18.1001
            ]
        },
        {
            "id": 33,
            "demand": 1596.0,
            "coordinates": [
                42.849909999999994,
                18.10487
            ]
        },
        {
            "id": 34,
            "demand": 8683.0,
            "coordinates": [
                44.89475,
                18.15427
            ]
        },
        {
            "id": 35,
            "demand": 303.0,
            "coordinates": [
                41.917755,
                18.1747175
            ]
        },
        {
            "id": 36,
            "demand": 1.0,
            "coordinates": [
                42.330625,
                18.17666
            ]
        },
        {
            "id": 37,
            "demand": 192.0,
            "coordinates": [
                43.40585,
                18.1783022
            ]
        },
        {
            "id": 38,
            "demand": 27.0,
            "coordinates": [
                44.451515,
                18.20486
            ]
        },
        {
            "id": 39,
            "demand": 1.0,
            "coordinates": [
                41.84041,
                18.284241
            ]
        },
        {
            "id": 40,
            "demand": 14.0,
            "coordinates": [
                44.9769826,
                18.31412
            ]
        },
        {
            "id": 41,
            "demand": 112.0,
            "coordinates": [
                43.491186666666664,
                18.32742
            ]
        },
        {
            "id": 42,
            "demand": 221.0,
            "coordinates": [
                41.19173,
                18.37866
            ]
        },
        {
            "id": 43,
            "demand": 291.0,
            "coordinates": [
                44.379605,
                18.394633333333335
            ]
        },
        {
            "id": 44,
            "demand": 18.0,
            "coordinates": [
                41.58299,
                18.40477
            ]
        },
        {
            "id": 45,
            "demand": 7791.0,
            "coordinates": [
                43.3201,
                18.47018
            ]
        },
        {
            "id": 46,
            "demand": 656.0,
            "coordinates": [
                42.18013,
                18.50473
            ]
        },
        {
            "id": 47,
            "demand": 256.0,
            "coordinates": [
                41.37134,
                18.51323
            ]
        },
        {
            "id": 48,
            "demand": 84.0,
            "coordinates": [
                43.4194,
                18.558715
            ]
        },
        {
            "id": 49,
            "demand": 114.0,
            "coordinates": [
                40.96345,
                18.6634175
            ]
        },
        {
            "id": 50,
            "demand": 677.0,
            "coordinates": [
                45.12867,
                18.69998
            ]
        },
        {
            "id": 51,
            "demand": 37455.0,
            "coordinates": [
                44.30173,
                18.77502
            ]
        },
        {
            "id": 52,
            "demand": 4225.0,
            "coordinates": [
                40.78618,
                18.82031
            ]
        },
        {
            "id": 53,
            "demand": 544.0,
            "coordinates": [
                42.67581,
                18.83403
            ]
        },
        {
            "id": 54,
            "demand": 81.0,
            "coordinates": [
                43.25289,
                18.84725
            ]
        },
        {
            "id": 55,
            "demand": 94.0,
            "coordinates": [
                41.925,
                18.848645
            ]
        },
        {
            "id": 56,
            "demand": 4381.0,
            "coordinates": [
                45.169424,
                18.857762
            ]
        },
        {
            "id": 57,
            "demand": 9672.0,
            "coordinates": [
                44.8747875,
                18.87527
            ]
        },
        {
            "id": 58,
            "demand": 53.0,
            "coordinates": [
                41.06839,
                18.97285
            ]
        },
        {
            "id": 59,
            "demand": 60.0,
            "coordinates": [
                42.82531333333333,
                18.97478
            ]
        },
        {
            "id": 60,
            "demand": 48.0,
            "coordinates": [
                43.471708500000005,
                18.98889
            ]
        },
        {
            "id": 61,
            "demand": 3499.0,
            "coordinates": [
                43.3160325,
                19.003307176470585
            ]
        },
        {
            "id": 62,
            "demand": 2.0,
            "coordinates": [
                45.264339500000006,
                19.01218
            ]
        },
        {
            "id": 63,
            "demand": 29102.0,
            "coordinates": [
                44.71175,
                19.016531846153846
            ]
        },
        {
            "id": 64,
            "demand": 41.0,
            "coordinates": [
                44.00596,
                19.018445
            ]
        },
        {
            "id": 65,
            "demand": 9584.0,
            "coordinates": [
                44.94621,
                19.0186
            ]
        },
        {
            "id": 66,
            "demand": 1.0,
            "coordinates": [
                42.81486,
                19.084693
            ]
        },
        {
            "id": 67,
            "demand": 97.0,
            "coordinates": [
                41.12132,
                19.2338205
            ]
        },
        {
            "id": 68,
            "demand": 5295.0,
            "coordinates": [
                45.01025,
                19.267261
            ]
        },
        {
            "id": 69,
            "demand": 640.0,
            "coordinates": [
                43.58209,
                19.29312
            ]
        },
        {
            "id": 70,
            "demand": 5.0,
            "coordinates": [
                45.32908,
                19.310857
            ]
        },
        {
            "id": 71,
            "demand": 1448.0,
            "coordinates": [
                40.66481,
                19.3137
            ]
        },
        {
            "id": 72,
            "demand": 152.0,
            "coordinates": [
                43.64629,
                19.317175499999998
            ]
        },
        {
            "id": 73,
            "demand": 2.0,
            "coordinates": [
                42.6247605,
                19.33588
            ]
        },
        {
            "id": 74,
            "demand": 1329.0,
            "coordinates": [
                42.785425399999994,
                19.358222
            ]
        },
        {
            "id": 75,
            "demand": 64.0,
            "coordinates": [
                44.86179,
                19.40963
            ]
        },
        {
            "id": 76,
            "demand": 17.0,
            "coordinates": [
                44.989509999999996,
                19.48556
            ]
        },
        {
            "id": 77,
            "demand": 53.0,
            "coordinates": [
                41.43859,
                19.512005000000002
            ]
        },
        {
            "id": 78,
            "demand": 1.0,
            "coordinates": [
                45.286789999999996,
                19.51739
            ]
        },
        {
            "id": 79,
            "demand": 144.0,
            "coordinates": [
                41.13398,
                19.534421
            ]
        },
        {
            "id": 80,
            "demand": 5204.0,
            "coordinates": [
                44.992325,
                19.55864
            ]
        },
        {
            "id": 81,
            "demand": 2021.0,
            "coordinates": [
                41.734449999999995,
                19.55925
            ]
        },
        {
            "id": 82,
            "demand": 1.0,
            "coordinates": [
                43.90019,
                19.596506
            ]
        },
        {
            "id": 83,
            "demand": 45.0,
            "coordinates": [
                43.11623,
                19.65845
            ]
        },
        {
            "id": 84,
            "demand": 878.0,
            "coordinates": [
                43.18099,
                19.764428000000002
            ]
        },
        {
            "id": 85,
            "demand": 1408.0,
            "coordinates": [
                44.38195,
                19.787196666666663
            ]
        },
        {
            "id": 86,
            "demand": 111.0,
            "coordinates": [
                42.82444,
                19.79623
            ]
        },
        {
            "id": 87,
            "demand": 4649.0,
            "coordinates": [
                44.547,
                19.807995
            ]
        },
        {
            "id": 88,
            "demand": 1222.0,
            "coordinates": [
                45.351967,
                19.81246
            ]
        },
        {
            "id": 89,
            "demand": 3.0,
            "coordinates": [
                45.037425,
                19.879976499999998
            ]
        },
        {
            "id": 90,
            "demand": 304.0,
            "coordinates": [
                44.139128899999996,
                19.88628
            ]
        },
        {
            "id": 91,
            "demand": 8179.0,
            "coordinates": [
                42.833435,
                19.892825000000002
            ]
        },
        {
            "id": 92,
            "demand": 208.0,
            "coordinates": [
                42.139739999999996,
                19.91613
            ]
        },
        {
            "id": 93,
            "demand": 1085.0,
            "coordinates": [
                42.488584,
                19.92499
            ]
        },
        {
            "id": 94,
            "demand": 23624.0,
            "coordinates": [
                44.713817,
                19.94978325
            ]
        },
        {
            "id": 95,
            "demand": 1085.0,
            "coordinates": [
                44.17895,
                19.99254
            ]
        },
        {
            "id": 96,
            "demand": 4.0,
            "coordinates": [
                41.16359,
                20.08532
            ]
        },
        {
            "id": 97,
            "demand": 9.0,
            "coordinates": [
                42.41557,
                20.11243
            ]
        },
        {
            "id": 98,
            "demand": 94.0,
            "coordinates": [
                43.10705,
                20.152594999999998
            ]
        },
        {
            "id": 99,
            "demand": 95.0,
            "coordinates": [
                41.85536999999999,
                20.180245
            ]
        },
        {
            "id": 100,
            "demand": 245.0,
            "coordinates": [
                45.028840153846154,
                20.18039
            ]
        },
        {
            "id": 101,
            "demand": 352.0,
            "coordinates": [
                43.8092,
                20.21092
            ]
        },
        {
            "id": 102,
            "demand": 69.0,
            "coordinates": [
                44.8059905,
                20.212447666666666
            ]
        },
        {
            "id": 103,
            "demand": 71.0,
            "coordinates": [
                41.665310000000005,
                20.2168
            ]
        },
        {
            "id": 104,
            "demand": 10235.0,
            "coordinates": [
                44.351103,
                20.25669
            ]
        },
        {
            "id": 105,
            "demand": 302.0,
            "coordinates": [
                42.50807,
                20.28478
            ]
        },
        {
            "id": 106,
            "demand": 227.0,
            "coordinates": [
                43.22352,
                20.28624
            ]
        },
        {
            "id": 107,
            "demand": 1755.0,
            "coordinates": [
                45.00019809999999,
                20.350736666666666
            ]
        },
        {
            "id": 108,
            "demand": 2114.0,
            "coordinates": [
                45.61077,
                20.376690200000002
            ]
        },
        {
            "id": 109,
            "demand": 5.0,
            "coordinates": [
                42.98974,
                20.40053
            ]
        },
        {
            "id": 110,
            "demand": 13251.0,
            "coordinates": [
                44.9182525,
                20.4036
            ]
        },
        {
            "id": 111,
            "demand": 3.0,
            "coordinates": [
                42.98324,
                20.41919
            ]
        },
        {
            "id": 112,
            "demand": 642.0,
            "coordinates": [
                44.44085,
                20.421467
            ]
        },
        {
            "id": 113,
            "demand": 5260.0,
            "coordinates": [
                45.51845666666667,
                20.4304625
            ]
        },
        {
            "id": 114,
            "demand": 541.0,
            "coordinates": [
                43.65844,
                20.43357
            ]
        },
        {
            "id": 115,
            "demand": 67.0,
            "coordinates": [
                44.9700165,
                20.43514
            ]
        },
        {
            "id": 116,
            "demand": 18.0,
            "coordinates": [
                44.70196,
                20.46557
            ]
        },
        {
            "id": 117,
            "demand": 1896.0,
            "coordinates": [
                44.91858606060607,
                20.47594
            ]
        },
        {
            "id": 118,
            "demand": 89.0,
            "coordinates": [
                41.61456,
                20.513353
            ]
        },
        {
            "id": 119,
            "demand": 93.0,
            "coordinates": [
                43.22552,
                20.54883
            ]
        },
        {
            "id": 120,
            "demand": 494.0,
            "coordinates": [
                44.658705,
                20.59636
            ]
        },
        {
            "id": 121,
            "demand": 3251.0,
            "coordinates": [
                45.00407666666666,
                20.600956000000004
            ]
        },
        {
            "id": 122,
            "demand": 388.0,
            "coordinates": [
                41.48712,
                20.60872
            ]
        },
        {
            "id": 123,
            "demand": 19103.0,
            "coordinates": [
                44.90458666666666,
                20.612573857142856
            ]
        },
        {
            "id": 124,
            "demand": 6138.0,
            "coordinates": [
                42.43141,
                20.614261272727273
            ]
        },
        {
            "id": 125,
            "demand": 869.0,
            "coordinates": [
                44.22211,
                20.62537
            ]
        },
        {
            "id": 126,
            "demand": 4433.0,
            "coordinates": [
                43.601560000000006,
                20.634922333333336
            ]
        },
        {
            "id": 127,
            "demand": 10294.0,
            "coordinates": [
                45.11406,
                20.63570546153846
            ]
        },
        {
            "id": 128,
            "demand": 26261.0,
            "coordinates": [
                44.78882933333333,
                20.6382
            ]
        },
        {
            "id": 129,
            "demand": 74.0,
            "coordinates": [
                44.564036666666674,
                20.648547
            ]
        },
        {
            "id": 130,
            "demand": 1667.0,
            "coordinates": [
                43.235178166666664,
                20.675033857142857
            ]
        },
        {
            "id": 131,
            "demand": 32.0,
            "coordinates": [
                42.7821,
                20.70452
            ]
        },
        {
            "id": 132,
            "demand": 932.0,
            "coordinates": [
                40.84791333333334,
                20.710905
            ]
        },
        {
            "id": 133,
            "demand": 425.0,
            "coordinates": [
                43.919465,
                20.72426
            ]
        },
        {
            "id": 134,
            "demand": 441.0,
            "coordinates": [
                44.181276,
                20.72832
            ]
        },
        {
            "id": 135,
            "demand": 400.0,
            "coordinates": [
                42.76707,
                20.757535
            ]
        },
        {
            "id": 136,
            "demand": 350.0,
            "coordinates": [
                43.26894,
                20.78693
            ]
        },
        {
            "id": 137,
            "demand": 322.0,
            "coordinates": [
                42.946224,
                20.79974
            ]
        },
        {
            "id": 138,
            "demand": 3408.0,
            "coordinates": [
                43.80597,
                20.8038475
            ]
        },
        {
            "id": 139,
            "demand": 387.0,
            "coordinates": [
                45.01285441666667,
                20.82787
            ]
        },
        {
            "id": 140,
            "demand": 12122.0,
            "coordinates": [
                44.66275071428571,
                20.84379647368421
            ]
        },
        {
            "id": 141,
            "demand": 2602.0,
            "coordinates": [
                44.816822571428574,
                20.860706
            ]
        },
        {
            "id": 142,
            "demand": 3816.0,
            "coordinates": [
                45.33027,
                20.90806
            ]
        },
        {
            "id": 143,
            "demand": 2375.0,
            "coordinates": [
                44.18487833333334,
                20.91555333333333
            ]
        },
        {
            "id": 144,
            "demand": 82.0,
            "coordinates": [
                43.66111,
                20.92843
            ]
        },
        {
            "id": 145,
            "demand": 437.0,
            "coordinates": [
                45.20031655555555,
                20.931565
            ]
        },
        {
            "id": 146,
            "demand": 16.0,
            "coordinates": [
                44.79236096,
                20.936129
            ]
        },
        {
            "id": 147,
            "demand": 1.0,
            "coordinates": [
                44.68232399999999,
                20.95681
            ]
        },
        {
            "id": 148,
            "demand": 396.0,
            "coordinates": [
                45.10406973333333,
                20.97232
            ]
        },
        {
            "id": 149,
            "demand": 1806.0,
            "coordinates": [
                42.297715833333335,
                20.990038833333333
            ]
        },
        {
            "id": 150,
            "demand": 5017.0,
            "coordinates": [
                43.403645,
                21.014883
            ]
        },
        {
            "id": 151,
            "demand": 11648.0,
            "coordinates": [
                42.05895,
                21.025356071428572
            ]
        },
        {
            "id": 152,
            "demand": 15552.0,
            "coordinates": [
                42.410127,
                21.03145756
            ]
        },
        {
            "id": 153,
            "demand": 3386.0,
            "coordinates": [
                41.282675,
                21.05798488888889
            ]
        },
        {
            "id": 154,
            "demand": 4467.0,
            "coordinates": [
                45.061535000000006,
                21.11258
            ]
        },
        {
            "id": 155,
            "demand": 4560.0,
            "coordinates": [
                44.12073999999999,
                21.115925
            ]
        },
        {
            "id": 156,
            "demand": 1432.0,
            "coordinates": [
                42.96508,
                21.22873
            ]
        },
        {
            "id": 157,
            "demand": 15102.0,
            "coordinates": [
                44.798427999999994,
                21.244554285714287
            ]
        },
        {
            "id": 158,
            "demand": 26468.0,
            "coordinates": [
                44.63277889473684,
                21.25332057142857
            ]
        },
        {
            "id": 159,
            "demand": 2004.0,
            "coordinates": [
                45.282650000000004,
                21.258985750000004
            ]
        },
        {
            "id": 160,
            "demand": 352.0,
            "coordinates": [
                40.8470975,
                21.3151
            ]
        },
        {
            "id": 161,
            "demand": 1628.0,
            "coordinates": [
                44.35817,
                21.319424
            ]
        },
        {
            "id": 162,
            "demand": 12964.0,
            "coordinates": [
                42.13154,
                21.337855
            ]
        },
        {
            "id": 163,
            "demand": 1882.0,
            "coordinates": [
                40.90743,
                21.33832
            ]
        },
        {
            "id": 164,
            "demand": 59.0,
            "coordinates": [
                44.02957,
                21.406473
            ]
        },
        {
            "id": 165,
            "demand": 1979.0,
            "coordinates": [
                40.65508,
                21.412205
            ]
        },
        {
            "id": 166,
            "demand": 494.0,
            "coordinates": [
                44.31254,
                21.41346
            ]
        },
        {
            "id": 167,
            "demand": 464.0,
            "coordinates": [
                45.21518,
                21.4277
            ]
        },
        {
            "id": 168,
            "demand": 9239.0,
            "coordinates": [
                45.008847,
                21.46762916666667
            ]
        },
        {
            "id": 169,
            "demand": 1555.0,
            "coordinates": [
                43.446026,
                21.485249999999997
            ]
        },
        {
            "id": 170,
            "demand": 2176.0,
            "coordinates": [
                41.917656666666666,
                21.492677333333337
            ]
        },
        {
            "id": 171,
            "demand": 136.0,
            "coordinates": [
                44.67036038461538,
                21.496295
            ]
        },
        {
            "id": 172,
            "demand": 8729.0,
            "coordinates": [
                40.74853377777778,
                21.671795
            ]
        },
        {
            "id": 173,
            "demand": 85.0,
            "coordinates": [
                42.79122,
                21.67359
            ]
        },
        {
            "id": 174,
            "demand": 12669.0,
            "coordinates": [
                44.81175136363636,
                21.70124
            ]
        },
        {
            "id": 175,
            "demand": 83.0,
            "coordinates": [
                40.594817142857146,
                21.728193333333333
            ]
        },
        {
            "id": 176,
            "demand": 34.0,
            "coordinates": [
                44.22974,
                21.73127
            ]
        },
        {
            "id": 177,
            "demand": 824.0,
            "coordinates": [
                43.773725999999996,
                21.785784999999997
            ]
        },
        {
            "id": 178,
            "demand": 592.0,
            "coordinates": [
                43.02171,
                21.789095
            ]
        },
        {
            "id": 179,
            "demand": 45.0,
            "coordinates": [
                41.03844,
                21.79305
            ]
        },
        {
            "id": 180,
            "demand": 7.0,
            "coordinates": [
                41.209025,
                21.92424
            ]
        },
        {
            "id": 181,
            "demand": 11715.0,
            "coordinates": [
                44.38584,
                21.943215151515158
            ]
        },
        {
            "id": 182,
            "demand": 386.0,
            "coordinates": [
                43.40616,
                21.95552
            ]
        },
        {
            "id": 183,
            "demand": 2640.0,
            "coordinates": [
                44.91554,
                21.971327636363636
            ]
        },
        {
            "id": 184,
            "demand": 112.0,
            "coordinates": [
                40.759474999999995,
                21.98503
            ]
        },
        {
            "id": 185,
            "demand": 1578.0,
            "coordinates": [
                40.58984778571428,
                22.01777
            ]
        },
        {
            "id": 186,
            "demand": 1561.0,
            "coordinates": [
                43.884204499999996,
                22.03671
            ]
        },
        {
            "id": 187,
            "demand": 8.0,
            "coordinates": [
                43.81555,
                22.04455
            ]
        },
        {
            "id": 188,
            "demand": 2774.0,
            "coordinates": [
                41.60281,
                22.0777285
            ]
        },
        {
            "id": 189,
            "demand": 26.0,
            "coordinates": [
                45.00206,
                22.08838
            ]
        },
        {
            "id": 190,
            "demand": 1.0,
            "coordinates": [
                40.3250814,
                22.100351
            ]
        },
        {
            "id": 191,
            "demand": 3444.0,
            "coordinates": [
                40.99879333333333,
                22.1555522
            ]
        },
        {
            "id": 192,
            "demand": 11.0,
            "coordinates": [
                44.64269,
                22.24912
            ]
        },
        {
            "id": 193,
            "demand": 1053.0,
            "coordinates": [
                42.73342,
                22.26134
            ]
        },
        {
            "id": 194,
            "demand": 1923.0,
            "coordinates": [
                42.19623,
                22.302732
            ]
        },
        {
            "id": 195,
            "demand": 1108.0,
            "coordinates": [
                44.03126,
                22.36336
            ]
        },
        {
            "id": 196,
            "demand": 488.0,
            "coordinates": [
                44.657233,
                22.39041225
            ]
        },
        {
            "id": 197,
            "demand": 14.0,
            "coordinates": [
                40.71179,
                22.39173
            ]
        },
        {
            "id": 198,
            "demand": 7358.0,
            "coordinates": [
                40.390125,
                22.400055307692305
            ]
        },
        {
            "id": 199,
            "demand": 135.0,
            "coordinates": [
                40.568385,
                22.400896666666668
            ]
        },
        {
            "id": 200,
            "demand": 1041.0,
            "coordinates": [
                42.765425,
                22.43494
            ]
        },
        {
            "id": 201,
            "demand": 1312.0,
            "coordinates": [
                41.85386,
                22.44911
            ]
        },
        {
            "id": 202,
            "demand": 10469.0,
            "coordinates": [
                43.23178,
                22.47989
            ]
        },
        {
            "id": 203,
            "demand": 195.0,
            "coordinates": [
                40.43115,
                22.49016
            ]
        },
        {
            "id": 204,
            "demand": 169.0,
            "coordinates": [
                44.32867825,
                22.53368
            ]
        },
        {
            "id": 205,
            "demand": 1361.0,
            "coordinates": [
                40.8503,
                22.534088
            ]
        },
        {
            "id": 206,
            "demand": 4909.0,
            "coordinates": [
                43.2352,
                22.579131999999998
            ]
        },
        {
            "id": 207,
            "demand": 1999.0,
            "coordinates": [
                42.8514,
                22.595995
            ]
        },
        {
            "id": 208,
            "demand": 500.0,
            "coordinates": [
                43.58355,
                22.6220171
            ]
        },
        {
            "id": 209,
            "demand": 142.0,
            "coordinates": [
                40.641524000000004,
                22.65436
            ]
        },
        {
            "id": 210,
            "demand": 2294.0,
            "coordinates": [
                44.79605,
                22.69480366666667
            ]
        },
        {
            "id": 211,
            "demand": 104.0,
            "coordinates": [
                43.352270000000004,
                22.721130000000002
            ]
        },
        {
            "id": 212,
            "demand": 23.0,
            "coordinates": [
                44.94611,
                22.74513
            ]
        },
        {
            "id": 213,
            "demand": 830.0,
            "coordinates": [
                40.53284666666667,
                22.74915
            ]
        },
        {
            "id": 214,
            "demand": 188.0,
            "coordinates": [
                43.06400599999999,
                22.79833
            ]
        },
        {
            "id": 215,
            "demand": 417.0,
            "coordinates": [
                42.52018,
                22.86002
            ]
        },
        {
            "id": 216,
            "demand": 381.0,
            "coordinates": [
                43.14747,
                22.86998
            ]
        },
        {
            "id": 217,
            "demand": 1092.0,
            "coordinates": [
                41.946365,
                22.897025
            ]
        },
        {
            "id": 218,
            "demand": 11760.0,
            "coordinates": [
                41.30036,
                22.91848
            ]
        },
        {
            "id": 219,
            "demand": 51.0,
            "coordinates": [
                40.245811,
                22.96343
            ]
        },
        {
            "id": 220,
            "demand": 2442.0,
            "coordinates": [
                42.70206,
                22.965449999999997
            ]
        },
        {
            "id": 221,
            "demand": 175.0,
            "coordinates": [
                43.0343,
                22.96645
            ]
        },
        {
            "id": 222,
            "demand": 337.0,
            "coordinates": [
                40.81478,
                22.984166666666667
            ]
        },
        {
            "id": 223,
            "demand": 101.0,
            "coordinates": [
                40.55868,
                22.99657
            ]
        },
        {
            "id": 224,
            "demand": 18580.0,
            "coordinates": [
                44.547229,
                23.034594
            ]
        },
        {
            "id": 225,
            "demand": 2553.0,
            "coordinates": [
                43.51864,
                23.0510165
            ]
        },
        {
            "id": 226,
            "demand": 13567.0,
            "coordinates": [
                43.9587885,
                23.09393
            ]
        },
        {
            "id": 227,
            "demand": 35.0,
            "coordinates": [
                42.05436,
                23.13494
            ]
        },
        {
            "id": 228,
            "demand": 858.0,
            "coordinates": [
                44.089623,
                23.1737
            ]
        },
        {
            "id": 229,
            "demand": 10.0,
            "coordinates": [
                43.03033,
                23.20325
            ]
        },
        {
            "id": 230,
            "demand": 1408.0,
            "coordinates": [
                42.789956249999996,
                23.27429
            ]
        },
        {
            "id": 231,
            "demand": 78.0,
            "coordinates": [
                41.8311235,
                23.302395
            ]
        },
        {
            "id": 232,
            "demand": 242.0,
            "coordinates": [
                41.664572,
                23.31586
            ]
        },
        {
            "id": 233,
            "demand": 449.0,
            "coordinates": [
                40.570899999999995,
                23.3956
            ]
        },
        {
            "id": 234,
            "demand": 4822.0,
            "coordinates": [
                43.117459999999994,
                23.42141
            ]
        },
        {
            "id": 235,
            "demand": 254.0,
            "coordinates": [
                43.90204523076923,
                23.43712
            ]
        },
        {
            "id": 236,
            "demand": 6886.0,
            "coordinates": [
                42.79153,
                23.45358375
            ]
        },
        {
            "id": 237,
            "demand": 613.0,
            "coordinates": [
                42.578856852941165,
                23.4702475
            ]
        },
        {
            "id": 238,
            "demand": 609.0,
            "coordinates": [
                42.316399999999994,
                23.5036085
            ]
        },
        {
            "id": 239,
            "demand": 284.0,
            "coordinates": [
                43.39768,
                23.545426666666668
            ]
        },
        {
            "id": 240,
            "demand": 272.0,
            "coordinates": [
                42.09502,
                23.54964
            ]
        },
        {
            "id": 241,
            "demand": 21047.0,
            "coordinates": [
                43.38528,
                23.550925
            ]
        },
        {
            "id": 242,
            "demand": 45.0,
            "coordinates": [
                42.58369048,
                23.620306
            ]
        },
        {
            "id": 243,
            "demand": 414.0,
            "coordinates": [
                43.967695,
                23.62309
            ]
        },
        {
            "id": 244,
            "demand": 40.0,
            "coordinates": [
                42.33004,
                23.66136
            ]
        },
        {
            "id": 245,
            "demand": 392.0,
            "coordinates": [
                42.76673,
                23.69045
            ]
        },
        {
            "id": 246,
            "demand": 981.0,
            "coordinates": [
                42.24421,
                23.72055
            ]
        },
        {
            "id": 247,
            "demand": 262.0,
            "coordinates": [
                41.83157,
                23.75128
            ]
        },
        {
            "id": 248,
            "demand": 1172.0,
            "coordinates": [
                41.31641,
                23.765105
            ]
        },
        {
            "id": 249,
            "demand": 242.0,
            "coordinates": [
                42.537650000000006,
                23.7922
            ]
        },
        {
            "id": 250,
            "demand": 194.0,
            "coordinates": [
                44.46134,
                23.79843
            ]
        },
        {
            "id": 251,
            "demand": 1897.0,
            "coordinates": [
                44.58871,
                23.82029
            ]
        },
        {
            "id": 252,
            "demand": 489.0,
            "coordinates": [
                44.15227,
                23.86959
            ]
        },
        {
            "id": 253,
            "demand": 88.0,
            "coordinates": [
                41.96876,
                23.874305
            ]
        },
        {
            "id": 254,
            "demand": 36.0,
            "coordinates": [
                42.62055,
                23.91547
            ]
        },
        {
            "id": 255,
            "demand": 12331.0,
            "coordinates": [
                42.76658333333334,
                23.9385
            ]
        },
        {
            "id": 256,
            "demand": 77.0,
            "coordinates": [
                42.29315333333333,
                23.94486
            ]
        },
        {
            "id": 257,
            "demand": 82.0,
            "coordinates": [
                42.99489,
                23.963583333333332
            ]
        },
        {
            "id": 258,
            "demand": 5698.0,
            "coordinates": [
                43.20471,
                23.9903468
            ]
        },
        {
            "id": 259,
            "demand": 84.0,
            "coordinates": [
                44.235453,
                24.03774
            ]
        },
        {
            "id": 260,
            "demand": 128.0,
            "coordinates": [
                43.94271,
                24.06951
            ]
        },
        {
            "id": 261,
            "demand": 4353.0,
            "coordinates": [
                43.7117994,
                24.09854
            ]
        },
        {
            "id": 262,
            "demand": 612.0,
            "coordinates": [
                42.11877,
                24.13897
            ]
        },
        {
            "id": 263,
            "demand": 6025.0,
            "coordinates": [
                42.8683925,
                24.14611
            ]
        },
        {
            "id": 264,
            "demand": 720.0,
            "coordinates": [
                40.79666,
                24.2061
            ]
        },
        {
            "id": 265,
            "demand": 10359.0,
            "coordinates": [
                42.65508,
                24.28248
            ]
        },
        {
            "id": 266,
            "demand": 892.0,
            "coordinates": [
                41.22992,
                24.30012
            ]
        },
        {
            "id": 267,
            "demand": 5011.0,
            "coordinates": [
                43.51447,
                24.304235
            ]
        },
        {
            "id": 268,
            "demand": 1797.0,
            "coordinates": [
                43.33432,
                24.406730333333332
            ]
        },
        {
            "id": 269,
            "demand": 1158.0,
            "coordinates": [
                43.32501333333334,
                24.468275666666667
            ]
        },
        {
            "id": 270,
            "demand": 3808.0,
            "coordinates": [
                42.86527,
                24.519343333333335
            ]
        },
        {
            "id": 271,
            "demand": 224.0,
            "coordinates": [
                40.987385,
                24.54117
            ]
        },
        {
            "id": 272,
            "demand": 1717.0,
            "coordinates": [
                42.3941,
                24.56379
            ]
        },
        {
            "id": 273,
            "demand": 10379.0,
            "coordinates": [
                44.09605,
                24.61193
            ]
        },
        {
            "id": 274,
            "demand": 323.0,
            "coordinates": [
                43.17182,
                24.63529
            ]
        },
        {
            "id": 275,
            "demand": 830.0,
            "coordinates": [
                42.14736,
                24.70435
            ]
        },
        {
            "id": 276,
            "demand": 12.0,
            "coordinates": [
                42.96261,
                24.806261
            ]
        },
        {
            "id": 277,
            "demand": 19.0,
            "coordinates": [
                43.25685,
                24.81427
            ]
        },
        {
            "id": 278,
            "demand": 732.0,
            "coordinates": [
                43.72455,
                24.828000000000003
            ]
        },
        {
            "id": 279,
            "demand": 1884.0,
            "coordinates": [
                40.9078,
                24.869322999999998
            ]
        },
        {
            "id": 280,
            "demand": 831.0,
            "coordinates": [
                42.74907,
                24.88698
            ]
        },
        {
            "id": 281,
            "demand": 156.0,
            "coordinates": [
                42.17725,
                24.93984
            ]
        },
        {
            "id": 282,
            "demand": 1.0,
            "coordinates": [
                43.03648850000001,
                25.045963
            ]
        },
        {
            "id": 283,
            "demand": 15.0,
            "coordinates": [
                41.647,
                25.104298
            ]
        },
        {
            "id": 284,
            "demand": 6228.0,
            "coordinates": [
                42.2626305,
                25.111616161290335
            ]
        },
        {
            "id": 285,
            "demand": 756.0,
            "coordinates": [
                43.76855,
                25.12236
            ]
        },
        {
            "id": 286,
            "demand": 691.0,
            "coordinates": [
                41.02908,
                25.13046
            ]
        },
        {
            "id": 287,
            "demand": 50.0,
            "coordinates": [
                42.260103333333326,
                25.17716
            ]
        },
        {
            "id": 288,
            "demand": 225.0,
            "coordinates": [
                43.36774,
                25.18904
            ]
        },
        {
            "id": 289,
            "demand": 3161.0,
            "coordinates": [
                43.25654225,
                25.189669545454546
            ]
        },
        {
            "id": 290,
            "demand": 704.0,
            "coordinates": [
                43.86268,
                25.22008
            ]
        },
        {
            "id": 291,
            "demand": 17.0,
            "coordinates": [
                41.17674,
                25.22959
            ]
        },
        {
            "id": 292,
            "demand": 578.0,
            "coordinates": [
                44.0530552,
                25.2536275
            ]
        },
        {
            "id": 293,
            "demand": 180.0,
            "coordinates": [
                41.442168,
                25.28798
            ]
        },
        {
            "id": 294,
            "demand": 1891.0,
            "coordinates": [
                41.598285000000004,
                25.48643
            ]
        },
        {
            "id": 295,
            "demand": 195.0,
            "coordinates": [
                42.66377,
                25.51001
            ]
        },
        {
            "id": 296,
            "demand": 105.0,
            "coordinates": [
                41.492175,
                25.53833
            ]
        },
        {
            "id": 297,
            "demand": 1119.0,
            "coordinates": [
                41.10822,
                25.58563
            ]
        }
    ],
    "sites": [
        {
            "id": 1,
            "coordinates": [
                42.557561,
                21.269035
            ]
        },
        {
            "id": 2,
            "coordinates": [
                44.654450999999995,
                20.657463
            ]
        },
        {
            "id": 3,
            "coordinates": [
                41.731992,
                23.247298
            ]
        },
        {
            "id": 4,
            "coordinates": [
                41.875155,
                18.892114
            ]
        }
    ],
    "siteSiteDistances": [
        [
            0,
            238.30461778,
            187.15164827,
            209.92857256
        ],
        [
            238.30461778,
            0,
            386.83512938,
            340.47839006
        ],
        [
            187.15164827,
            386.83512938,
            0,
            361.30719946
        ],
        [
            209.92857256,
            340.47839006,
            361.30719946,
            0
        ]
    ],
    "siteClientDistances": [
        [
            410.3279629,
            398.16894327,
            398.90574935,
            404.16558224,
            407.01612805,
            371.87710436,
            372.00944275,
            348.70319468,
            357.32159091,
            340.42693272,
            340.14415356,
            412.76685721,
            332.31630397,
            338.62369835,
            318.13866525,
            306.50108935,
            360.58814423,
            335.04183964,
            305.12516192,
            313.26795513,
            321.80301029,
            302.40838301,
            359.27638957,
            295.6078988,
            314.22139141,
            285.54506021,
            367.25123583,
            273.24624336,
            299.7521802,
            303.03912392,
            267.11966777,
            335.74257663,
            260.57605479,
            360.75447059,
            264.46882438,
            254.98155101,
            268.51291995,
            324.65108528,
            258.46393434,
            358.66476171,
            260.66878569,
            283.41104698,
            307.94971265,
            260.05781997,
            243.08816215,
            230.93110862,
            263.25490135,
            240.3655639,
            279.49013309,
            352.35692454,
            279.57097372,
            283.10697708,
            199.67907734,
            211.85178257,
            211.28767121,
            348.84182214,
            321.52899964,
            252.23886542,
            189.85247222,
            211.41170387,
            202.80306627,
            351.06865385,
            300.36972115,
            243.14780162,
            321.24724287,
            180.81400527,
            232.21791759,
            316.52452051,
            196.81555955,
            345.73781853,
            265.91753698,
            199.40881093,
            158.42475182,
            158.2589291,
            296.6015624,
            305.97514428,
            191.20634657,
            334.31329189,
            213.77196053,
            303.55271469,
            168.06361388,
            201.61137679,
            145.2728499,
            140.85480696,
            235.47495923,
            123.97558477,
            250.58776464,
            331.86378749,
            297.42007517,
            208.38890899,
            116.57724646,
            120.49627936,
            110.41185369,
            262.20967287,
            207.72283174,
            183.39519294,
            96.14514261,
            109.64089376,
            118.9046341,
            288.34453547,
            163.49020572,
            264.05054312,
            131.82061761,
            215.52,
            80.83552952,
            109.058878,
            281.43174379,
            346.89614049,
            85.64181022,
            271.54456297,
            83.9790004,
            220.28534715,
            335.98580499,
            139.94347006,
            276.48085299,
            247.05605147,
            270.15168328,
            121.99801008,
            94.6514025,
            239.82950169,
            277.27433878,
            130.92934289,
            266.25178343,
            55.4863551,
            192.25674056,
            126.99764713,
            288.77036233,
            253.23804099,
            228.64143254,
            89.54607377,
            52.47429676,
            195.66835938,
            157.73495927,
            185.76283319,
            47.87487163,
            88.30907148,
            57.75816215,
            143.8492426,
            275.30262068,
            236.57605649,
            253.35417065,
            309.66218486,
            183.19098466,
            125.78540978,
            295.10277672,
            249.93623247,
            237.59569106,
            284.15715608,
            36.86726863,
            96.32518437,
            58.95305122,
            25.46191237,
            142.83230356,
            278.71231931,
            174.2582039,
            45.43341401,
            249.18115959,
            230.75748897,
            303.01755824,
            190.2335605,
            200.26015375,
            47.70789092,
            183.57647922,
            164.05760432,
            211.88106526,
            195.49305826,
            295.78740689,
            273.03653459,
            100.34527431,
            73.497523,
            235.64392192,
            203.91844092,
            42.058219,
            253.05162499,
            221.56316372,
            189.6510417,
            141.57609923,
            66.81758328,
            174.41356377,
            159.45791896,
            210.44693971,
            109.645266,
            268.19477136,
            208.5963587,
            227.48937504,
            160.09310825,
            153.36142581,
            125.39829188,
            279.6579198,
            257.72694842,
            188.26865612,
            244.91440673,
            83.48313068,
            93.93594126,
            186.2659609,
            250.31573852,
            225.44759875,
            258.76730124,
            240.39210515,
            98.09645672,
            124.77880779,
            123.89326905,
            257.38406286,
            221.82491696,
            216.94561066,
            130.63761107,
            113.24423904,
            158.40580535,
            242.19177103,
            274.03754213,
            147.55707252,
            290.84257772,
            256.62119262,
            136.86793288,
            130.4147362,
            146.05946767,
            150.23958662,
            195.34237313,
            293.32587688,
            139.71031007,
            148.29150002,
            240.48494886,
            264.68016719,
            263.02819073,
            179.97953989,
            214.73455134,
            163.32268531,
            229.68362164,
            166.34276872,
            165.95642481,
            185.96233522,
            195.86711316,
            283.00212579,
            186.2085782,
            230.64637615,
            180.4716989,
            180.27244247,
            185.32306756,
            207.40751251,
            194.40575749,
            207.20768137,
            192.55884667,
            246.80454082,
            197.91950327,
            199.3502354,
            204.28297096,
            219.83606793,
            248.32559843,
            206.69979199,
            293.94757326,
            305.34029206,
            275.02463278,
            224.1545096,
            216.754073,
            219.50339685,
            221.57959042,
            225.22612701,
            233.10395031,
            291.26258575,
            274.14066893,
            263.01453368,
            240.87014843,
            237.57740011,
            312.76014719,
            246.85173013,
            291.07168499,
            268.6340877,
            269.58018359,
            274.02408528,
            267.74050927,
            322.63356046,
            270.80707078,
            319.93439068,
            282.70790802,
            285.93643136,
            292.24648052,
            299.00376656,
            316.5406125,
            350.53044748,
            296.61896429,
            304.50130562,
            312.70271885,
            332.18203863,
            317.14559392,
            340.26062744,
            362.38772069,
            322.53202834,
            331.42049317,
            328.60737727,
            351.51044284,
            362.07045297,
            362.72411763,
            354.46057896,
            364.00347262,
            347.23036469,
            371.96625899,
            392.20351572
        ],
        [
            442.09093862,
            356.33719903,
            472.72943237,
            331.82113844,
            306.65946982,
            447.21427355,
            457.58110908,
            357.37592822,
            426.5446436,
            389.93844813,
            390.10657758,
            271.44277148,
            333.0870324,
            413.50074564,
            378.51302751,
            334.89314249,
            489.530893,
            263.12537152,
            341.62747655,
            393.10433593,
            420.87713944,
            303.83045048,
            236.47397963,
            299.17629204,
            250.7289156,
            270.41936651,
            213.10052298,
            357.53847359,
            423.90992379,
            434.77403034,
            350.50426417,
            488.35432942,
            286.84816525,
            199.38098359,
            364.63304416,
            326.79483842,
            241.97193527,
            195.63700365,
            367.19121568,
            188.28109187,
            226.65858029,
            427.36776056,
            181.9905001,
            387.35448687,
            229.41167869,
            325.43908275,
            404.51864137,
            216.79586971,
            441.44247968,
            162.96315983,
            154.41241705,
            455.52947262,
            264.40576491,
            212.79404733,
            336.94405128,
            152.84883461,
            142.81667592,
            421.7033904,
            244.20390074,
            187.26463577,
            199.14907966,
            146.13854839,
            129.88693732,
            148.97772941,
            133.31181028,
            240.42458713,
            409.61127894,
            116.54510376,
            161.48903486,
            129.76975605,
            457.01502362,
            154.920579,
            249.48401064,
            232.57215107,
            101.18676545,
            99.65400299,
            369.49277871,
            113.9608655,
            401.99543541,
            94.45499332,
            336.66426183,
            119.02967787,
            188.84920977,
            178.77228621,
            75.35880423,
            214.92567418,
            68.30748485,
            102.12302549,
            74.63586503,
            83.88923294,
            211.59666222,
            285.96279287,
            247.95462042,
            56.33639449,
            74.72912933,
            390.95033081,
            252.79796385,
            176.75621325,
            313.63255504,
            56.10600671,
            100.49570389,
            38.98422811,
            334.29247923,
            46.34613221,
            240.54669326,
            161.86444239,
            45.42213398,
            108.59476549,
            186.251515,
            35.52234688,
            186.81089123,
            30.23033749,
            97.71198824,
            112.18241049,
            39.22792515,
            16.06580788,
            32.67797683,
            338.22296233,
            159.12794737,
            4.85613584,
            39.13120958,
            352.21385906,
            28.03860997,
            247.21573516,
            48.14166668,
            117.09011971,
            51.13499894,
            15.01951691,
            10.07837348,
            157.822425,
            208.23055242,
            423.2907242,
            81.89959184,
            52.9148272,
            210.02150842,
            154.41004087,
            190.28924368,
            95.06505056,
            42.05708915,
            14.76670488,
            24.16003534,
            77.68849739,
            56.09322534,
            112.54971188,
            64.41921776,
            26.83035779,
            23.87453972,
            55.81198876,
            263.42708275,
            141.98808713,
            290.13463715,
            251.37154051,
            376.33704565,
            57.75666482,
            69.63549251,
            193.36046867,
            49.06614335,
            47.20232572,
            84.37203406,
            426.74633891,
            61.97576879,
            285.86819404,
            420.33455773,
            91.51925595,
            448.96699594,
            71.00964645,
            86.96797361,
            75.06308797,
            149.77157289,
            311.73177956,
            66.36542699,
            442.14668766,
            222.68768548,
            84.28445443,
            459.82098398,
            97.45398707,
            132.95290324,
            202.97049507,
            412.59075487,
            396.73822718,
            106.22200369,
            173.30275536,
            107.67798025,
            446.46162516,
            465.44691199,
            139.26571386,
            144.61152659,
            358.35153615,
            119.27931285,
            495.70534675,
            424.43208532,
            125.91692232,
            249.50045801,
            303.90671126,
            152.32803453,
            137.06999988,
            460.72311051,
            495.17657234,
            476.19227813,
            254.01740904,
            343.53261219,
            215.19790547,
            492.99120927,
            153.16538702,
            449.86443749,
            220.38557976,
            253.83225851,
            196.89960854,
            475.12530639,
            161.71981679,
            219.55397106,
            167.87490977,
            489.19514028,
            246.43428018,
            296.26889736,
            243.91493393,
            351.42344962,
            415.80654011,
            525.40104448,
            285.5979149,
            258.32764201,
            467.2785961,
            493.97016014,
            188.574272,
            229.10938212,
            208.72705702,
            351.68815945,
            209.61928764,
            272.55445093,
            295.27310085,
            380.02654442,
            396.20961484,
            506.2695828,
            279.74515919,
            236.56300469,
            305.57578866,
            323.28582703,
            346.81784541,
            269.86949105,
            368.23929697,
            270.98150446,
            331.47343378,
            247.99612792,
            354.23972767,
            321.6553184,
            364.59558999,
            401.58992841,
            448.99493742,
            345.09965585,
            249.77134979,
            250.41096736,
            261.19471089,
            396.06959779,
            346.19886897,
            337.01841793,
            373.17887721,
            323.06450926,
            311.76963526,
            272.33603723,
            282.81525928,
            293.69982436,
            398.23489402,
            343.36567882,
            517.60312529,
            366.650087,
            482.50606985,
            317.62724155,
            333.87129488,
            338.77010189,
            368.4092188,
            516.19807301,
            402.86396929,
            320.33872953,
            358.70559975,
            429.56745721,
            382.32507194,
            367.18152878,
            348.17993487,
            539.94857485,
            400.53125373,
            442.06162981,
            395.17892125,
            491.75970852,
            447.08085264,
            369.18579199,
            543.43268166,
            451.51316661,
            389.55129724,
            394.61408485,
            373.81386659,
            536.639699,
            371.44940364,
            518.64681499,
            518.54936394,
            448.64356981,
            529.74429214,
            562.58294147
        ],
        [
            577.96934232,
            582.19869504,
            551.20175716,
            590.70510303,
            594.147804,
            526.01332616,
            521.34081102,
            526.33965234,
            515.51617915,
            507.55015278,
            507.14221805,
            597.61412822,
            512.46194471,
            496.37097136,
            483.66815767,
            482.52832497,
            485.65468477,
            522.13736286,
            479.22526943,
            471.80106228,
            470.25326545,
            484.11295026,
            544.93276221,
            477.35935121,
            501.28554654,
            470.29628139,
            549.43063903,
            435.13200213,
            437.14791201,
            434.9048392,
            430.23234621,
            445.97107424,
            440.79432045,
            541.53934117,
            420.76512667,
            423.99112097,
            454.81949543,
            508.85300137,
            411.61179947,
            537.66292445,
            447.52211076,
            410.06555848,
            491.91573726,
            402.59216126,
            429.37123204,
            395.26821881,
            395.92411162,
            427.22201283,
            392.01678379,
            526.60227494,
            462.32186968,
            384.65144541,
            378.30887961,
            398.36771535,
            365.04753333,
            521.04253679,
            497.13708203,
            364.03895877,
            371.88266299,
            398.5535569,
            389.78681514,
            520.39316435,
            476.63586505,
            427.34966283,
            494.52543152,
            362.9917919,
            341.4071469,
            486.0564947,
            383.1818212,
            510.44023392,
            349.81038782,
            385.27923075,
            337.21247672,
            340.78106095,
            466.33742913,
            472.84353273,
            312.34900449,
            496.58971525,
            316.56317922,
            469.30773485,
            306.0094154,
            383.07595579,
            332.32369735,
            327.98622102,
            407.17893482,
            308.78845755,
            419.2661664,
            488.43434085,
            457.22525433,
            382.69838783,
            301.88636351,
            279.23137679,
            286.65847736,
            425.74240641,
            379.66578148,
            270.99743163,
            269.66088015,
            296.46942419,
            254.61931176,
            442.44328072,
            338.74349987,
            420.89788846,
            251.7009841,
            379.26436782,
            259.11610074,
            294.03967598,
            432.23958706,
            489.12628194,
            272.50053389,
            422.35631346,
            270.82452172,
            378.61542248,
            478.12423755,
            314.23258285,
            425.77568324,
            399.78655688,
            419.23261028,
            227.43872288,
            276.65863595,
            389.93359699,
            422.00628086,
            221.04347733,
            412.11434219,
            230.78457675,
            349.47946403,
            298.02948748,
            431.11683339,
            400.16453304,
            378.91954835,
            269.10729754,
            239.62587838,
            233.59307934,
            318.55965328,
            340.8378771,
            235.02453394,
            264.34826789,
            242.26202519,
            304.87286273,
            413.87491197,
            379.64179939,
            393.64714673,
            442.27344396,
            332.22864537,
            286.20275601,
            428.50820026,
            388.32209855,
            376.90477672,
            417.51378812,
            196.79944233,
            260.6980319,
            187.46257341,
            197.82536585,
            189.0217753,
            408.39319031,
            317.25420086,
            215.20488417,
            377.53851785,
            360.77343556,
            426.09990505,
            189.05140926,
            331.36376477,
            164.0790761,
            183.90050463,
            296.23542732,
            194.71317183,
            323.33743556,
            414.18005959,
            391.71108722,
            239.01279035,
            146.84561418,
            356.20365508,
            171.20278245,
            175.04852973,
            364.59379735,
            179.327539,
            303.87211725,
            256.47076029,
            186.84627835,
            143.75712358,
            124.63044356,
            313.52654921,
            214.10907614,
            368.72198223,
            151.09708936,
            163.46984713,
            258.88271992,
            251.61426746,
            98.2051826,
            375.47779095,
            183.65370333,
            122.25910348,
            333.61158936,
            137.79848233,
            93.61485413,
            265.61343583,
            332.60101094,
            134.12262475,
            165.25271739,
            147.52201082,
            132.94905539,
            67.54473535,
            178.2455475,
            157.95391803,
            294.50385079,
            114.72669112,
            175.89885927,
            135.51056589,
            212.13661031,
            131.01296717,
            343.63017917,
            185.25091071,
            359.69190542,
            139.71288371,
            152.63206192,
            93.28056465,
            160.41029201,
            37.55295975,
            55.25442573,
            166.96447101,
            110.33554697,
            146.63569992,
            104.33303364,
            132.1447569,
            313.51553411,
            199.31429628,
            247.92417566,
            37.03254072,
            262.22544582,
            144.41411874,
            117.66138691,
            11.93214686,
            9.41298665,
            129.70336909,
            154.7185536,
            241.79524085,
            119.03203332,
            95.94372106,
            68.34519016,
            186.81825344,
            47.49068398,
            185.51148844,
            99.57041493,
            250.47880173,
            74.77819131,
            120.70058842,
            69.09319151,
            43.23056461,
            63.19495561,
            100.22108548,
            306.76916925,
            321.03234249,
            273.84605305,
            58.22564882,
            113.10846967,
            128.33929467,
            84.93985087,
            152.25926542,
            174.73071631,
            285.69759649,
            254.79495309,
            230.86258669,
            85.38963095,
            146.39344929,
            131.2959982,
            133.44550973,
            103.96473077,
            216.2420613,
            201.91090424,
            203.43348463,
            163.77900941,
            136.07248952,
            131.26634966,
            285.38575763,
            196.46358226,
            129.06126387,
            187.44698019,
            212.72338725,
            256.4255471,
            163.54256964,
            176.09003967,
            148.45699344,
            207.02808836,
            154.48426302,
            164.97061428,
            273.336797,
            175.480587,
            169.94504392,
            241.61101446,
            232.57929973,
            286.40619753,
            176.35690754,
            305.46847588,
            172.74779009,
            186.58696788,
            213.24415207,
            192.31866526,
            206.93778827
        ],
        [
            219.15258548,
            260.8261466,
            191.69301909,
            290.3094513,
            316.37089651,
            165.56203464,
            163.28348822,
            185.80014632,
            154.21444244,
            150.11435908,
            149.60449722,
            357.18243543,
            181.71099422,
            135.06688258,
            125.71857044,
            142.8901188,
            157.05177749,
            246.942069,
            135.11692007,
            110.58352044,
            112.38911213,
            165.04675803,
            305.34957981,
            160.02466529,
            229.37051562,
            173.79834326,
            338.45904677,
            76.41314635,
            92.17112493,
            98.91286394,
            73.10771764,
            147.98276496,
            126.21897629,
            341.01288213,
            59.56621244,
            77.77471898,
            179.9399659,
            291.84767901,
            50.49103775,
            348.04923595,
            185.52715157,
            87.18663624,
            281.39209951,
            51.87467472,
            164.34007581,
            46.62419331,
            64.26700634,
            173.86360765,
            103.15494405,
            362.10627995,
            269.99060499,
            121.23698337,
            89.15705755,
            153.24140133,
            6.60777035,
            366.31696631,
            333.54715258,
            89.96012487,
            105.87108816,
            177.70506675,
            160.47676608,
            376.98462992,
            315.5759818,
            237.15800045,
            341.63888627,
            105.68232815,
            88.52162923,
            349.91915353,
            192.6075699,
            385.53505963,
            139.11957284,
            199.97451798,
            91.00381299,
            108.22657781,
            334.7212766,
            349.59771726,
            70.77175551,
            382.68221284,
            98.24978015,
            350.76366246,
            57.46754359,
            232.36913062,
            151.6291803,
            161.84109044,
            288.04690856,
            129.0807231,
            306.22183028,
            393.63241634,
            360.5478747,
            264.39786392,
            134.59369674,
            89.57716834,
            109.06606753,
            327.03759475,
            271.33150597,
            126.99750307,
            117.18669107,
            171.59102783,
            106.690251,
            365.75479566,
            240.42983406,
            342.92716215,
            112.30795742,
            296.74813745,
            134.59630623,
            188.46553507,
            366.88672893,
            432.14108633,
            175.16720032,
            359.72177222,
            175.74987087,
            311.08007404,
            423.55136715,
            234.83660426,
            365.98195945,
            339.12864171,
            361.78049315,
            137.58893115,
            202.38589067,
            338.86262461,
            374.25433607,
            148.94214747,
            364.39408197,
            154.84997634,
            296.53152896,
            238.96428988,
            386.61307791,
            353.40587015,
            331.11607012,
            210.22021341,
            179.90554754,
            189.96128994,
            271.91470014,
            296.68485821,
            182.6330434,
            219.29239933,
            196.74470032,
            265.29460521,
            382.2675043,
            347.89463182,
            363.74812013,
            417.03939929,
            304.95564069,
            258.95644345,
            404.60497168,
            364.04561953,
            354.04595214,
            396.28511306,
            179.38175654,
            242.95958787,
            177.54503012,
            186.14014739,
            191.81538095,
            397.0048209,
            308.28531761,
            226.87145762,
            376.59756053,
            361.33526227,
            424.11170547,
            232.28013444,
            339.15055259,
            204.08441576,
            230.6824346,
            315.02881038,
            250.52543245,
            339.6216704,
            423.85212559,
            405.72421568,
            274.69849885,
            215.28819222,
            375.52789065,
            263.78659866,
            250.28445381,
            397.72208719,
            276.58157749,
            348.9055853,
            316.6026142,
            269.70504687,
            259.01944707,
            262.98086013,
            373.09641204,
            302.90359584,
            419.6819723,
            286.52623054,
            297.87161115,
            339.89260424,
            335.52505175,
            266.03060421,
            432.92265646,
            319.30059028,
            288.94696015,
            410.53704035,
            293.02685903,
            283.90885229,
            370.46467671,
            419.36171874,
            319.68216789,
            336.97796594,
            327.43103487,
            307.61263151,
            294.54245172,
            330.29388553,
            341.32319777,
            402.2163531,
            324.57388729,
            337.70635688,
            323.06030691,
            358.97704885,
            343.06059097,
            447.19607673,
            353.72547965,
            461.92059636,
            355.48086537,
            346.54922716,
            334.60566602,
            355.3741808,
            331.47012994,
            340.87232625,
            386.39108697,
            347.41184222,
            358.20307979,
            361.33263801,
            373.164009,
            448.20807834,
            385.82653491,
            413.14236464,
            351.32522608,
            426.44928832,
            376.24710572,
            374.2542174,
            365.27189872,
            367.57658361,
            403.54260572,
            396.13691364,
            433.3830528,
            388.49398296,
            384.94041083,
            383.5937253,
            416.5228545,
            385.68778593,
            416.41102429,
            397.13277232,
            449.93626945,
            396.64968473,
            406.70193476,
            400.6705243,
            402.4319751,
            409.89954067,
            410.20346602,
            490.79501193,
            500.29500458,
            477.24475658,
            412.276413,
            421.63637987,
            426.49708787,
            419.49519626,
            434.34235453,
            442.995439,
            493.4865433,
            480.13590598,
            471.2426113,
            434.36617903,
            445.43472983,
            459.50317851,
            451.88124047,
            455.61723047,
            478.27888012,
            479.50145039,
            483.92835424,
            475.11321146,
            481.09082823,
            471.13630431,
            526.56644479,
            492.12750583,
            481.06293787,
            500.19212985,
            508.61445439,
            525.9843691,
            509.97083195,
            502.31346247,
            500.56465347,
            520.975793,
            515.77200331,
            515.07444265,
            549.83488253,
            528.23159923,
            520.44947312,
            541.13759159,
            537.97155976,
            560.86850951,
            533.13210597,
            571.27334868,
            533.39307294,
            547.89374297,
            551.40707312,
            553.42602915,
            563.84209138
        ]
    ]
}